filename,cluster
a.y.-jackson_north-shore-lake-superior-1926.jpg,5
a.y.-jackson_valley-of-the-gouffre-river-1933.jpg,5
adam-baltatu_dobrujan-landscape.jpg,2
adolf-hitler_millhouse.jpg,2
adolphe-joseph-thomas-monticelli_cock-fight-in-front-of-a-group-of-young-women.jpg,4
adolphe-joseph-thomas-monticelli_portrait-of-a-woman.jpg,4
adolphe-joseph-thomas-monticelli_roasting-two-pheasants.jpg,2
adriaen-brouwer_scene-at-the-inn.jpg,4
adriaen-van-ostade_an-alchemist.jpg,4
adriaen-van-ostade_prayer-before-the-meal.jpg,4
agnolo-bronzino_a-portrait-of-giuliano-di-piero-de-medici.jpg,1
agostino-carracci_jupiter-and-juno.jpg,4
agostino-carracci_st-catherine-from-the-episode-holy-women-1578.jpg,3
aki-kuroda_untitled-5-1982.jpg,0
akseli-gallen-kallela_boy-with-a-crow-1884.jpg,1
akseli-gallen-kallela_kullervos-curse-1899.jpg,4
akseli-gallen-kallela_symposium-1894_1.jpg,4
akseli-gallen-kallela_the-abduction-of-sampo-1905.jpg,5
albert-bloch_the-grieving-women.jpg,4
albert-huie_noon-1943.jpg,2
albert-marquet_le-havre-1911.jpg,2
albrecht-altdorfer_battle-between-knights-and-mercenary.jpg,5
albrecht-altdorfer_crucifixion-scene-christ-on-the-cross-with-mary-and-john-1516.jpg,4
albrecht-altdorfer_passion-of-christ-4.jpg,4
albrecht-durer_adam-and-eve-1510.jpg,0
albrecht-durer_back-figure.jpg,0
albrecht-durer_cardinal-albrecht-von-brandenburg.jpg,0
albrecht-durer_circumcision-1497.jpg,4
albrecht-durer_couple-on-horseback.jpg,4
albrecht-durer_lion.jpg,0
albrecht-durer_pages-of-marginal-drawings-for-emperor-maximilian-s-prayer-book-1515.jpg,0
albrecht-durer_peasant-couple-dancing-1514.jpg,4
albrecht-durer_st-michael-fighting-the-dragon-1498.jpg,5
albrecht-durer_the-four-apostles-1526.jpg,4
albrecht-durer_the-hermits-st-anthony-and-st-paul-1504.jpg,4
albrecht-durer_the-holy-family-in-a-room.jpg,0
albrecht-durer_the-resurrection-1511.jpg,4
aldo-mondino_viola-d-amore-1985.jpg,3
aleksey-antropov_portrait-of-catherine-ii.jpg,4
aleksey-savrasov_barge-haulers-on-the-volga-1871.jpg,2
aleksey-savrasov_dimensions-and-material-of-painting-1868.jpg,6
aleksey-savrasov_in-the-park-1858.jpg,6
aleksey-savrasov_summer-landscape-pines.jpg,6
aleksey-savrasov_volga-1870.jpg,6
alexey-venetsianov_girl-with-culf.jpg,1
alexey-zubov_boat-of-peter-i-1722.jpg,3
alfred-jensen_untitled-1961.jpg,3
alfred-sisley_banks-of-the-loing-towards-moret-1883.jpg,6
alfred-sisley_bristol-channel-from-penarth-evening-1897.jpg,6
alfred-sisley_courtyard-at-les-sablons-1885.jpg,2
alfred-sisley_edge-of-fountainbleau-forest-june-morning-1885.jpg,6
alfred-sisley_landscape-at-andresy-1875.jpg,6
alfred-sisley_the-blocked-seine-at-port-marly-1876.jpg,2
alfred-sisley_the-route-to-mantes-1874.jpg,6
alfred-sisley_women-laudering-1876.jpg,6
alfred-stevens_preparing-for-the-ball.jpg,4
alighiero-boetti_cubo-1968.jpg,0
allan-darcangelo_looking-north-at-121-mile-marker.jpg,0
alphonse-mucha_laurel-1901.jpg,0
amadeo-de-souza-cardoso_the-life-of-instruments.jpg,3
amedeo-modigliani_anna-hanka-zabrowska-1916.jpg,1
amedeo-modigliani_beatrice-hastings-1915-1.jpg,1
amedeo-modigliani_girl-in-blue-1919.jpg,0
amedeo-modigliani_oscar-miestchaninoff-1917.jpg,1
amedeo-modigliani_woman-seated-by-a-fireplace-1915.jpg,1
amedeo-modigliani_women-with-red-hair-1917.jpg,1
amrita-sher-gil_woman-on-charpai-1940.jpg,1
anders-zorn_a-premiere-1890.jpg,2
andre-derain_a-village.jpg,2
andre-derain_the-still-life-in-front-of-cross-on-top-of-the-mountain-1912.jpg,2
andre-dunoyer-de-segonzac_nature-morte-de-fleurs-et-fruits.jpg,5
andrea-del-castagno_resurrection.jpg,0
andrea-del-verrocchio_david-1475.jpg,4
andrea-mantegna_madonna-and-child-with-cherubs-1490.jpg,1
andrea-mantegna_saint-bernardine-of-siena-1450.jpg,1
andy-warhol_campbells-soup-pink.jpg,0
andy-warhol_hamburger-beige.jpg,3
andy-warhol_ingrid-bergman-as-herself-2.jpg,3
andy-warhol_the-last-supper-1986.jpg,2
andy-warhol_truck-announcement-1.jpg,2
anna-ostroumova-lebedeva_fiesole-italy-1904.jpg,2
anna-ostroumova-lebedeva_french-embankment.jpg,0
anna-ostroumova-lebedeva_the-amsterdam-port-1913.jpg,2
anne-truitt_sun-flower-1971.jpg,0
anthony-van-dyck_portrait-of-the-prefect-raphael-racius-1625.jpg,1
antoine-blanchard_champs-elysees-3.jpg,2
antoine-blanchard_les-grands-boulevards.jpg,2
antoine-blanchard_rue-tronchet-la-madeleine-2.jpg,2
antoine-pesne_friederike-sophie-wilhelmine-princess-of-prussia.jpg,4
antoine-pesne_georg-wenzeslaus-von-knobelsdorff-1738.jpg,1
antoine-pesne_heinrich-von-podewils-prussian-statesman-1731.jpg,1
antoine-pesne_jean-philippe-baratier-presented-by-minerva-german-scholar-1735-1.jpg,1
antoine-pesne_portrait-of-the-dancer-barbara-campanini-aka-la-barbarina.jpg,4
antoine-pesne_princess-amalia-of-prussia-as-an-amazon.jpg,4
arkhip-kuindzhi_ai-petri-crimea.jpg,6
arkhip-kuindzhi_forgotten-village-1873.jpg,6
arkhip-kuindzhi_in-the-crimea.jpg,6
arkhip-kuindzhi_rainbow-2.jpg,6
arkhip-kuindzhi_surf-crimea-1887.jpg,6
arkhip-kuindzhi_ukraine-1879.jpg,6
arman-manookian_coral-tree-by-black-point-honolulu-o-ahu-1930.jpg,3
arman-manookian_polynesian-explorers.jpg,3
arman-manookian_polynesian-woman-and-tiki.jpg,3
armand-guillaumin_the-haystacks-1895.jpg,5
arnold-bΓö£╨│Γö¼Γòócklin_spring-1875.jpg,1
arshile-gorky_untitled-abstract-landscape.jpg,6
arthur-segal_sunflower-1940.jpg,3
arturo-souto_dance-class-1932.jpg,5
arturo-souto_the-pantheon-seen-from-rue-soufflot-paris-1941.jpg,2
asgrimur-jonsson_hafnarfj-r-ur-town-1930.jpg,2
asgrimur-jonsson_mt-str-tur-and-eir-ksj-kull-glacier-west-iceland-1948_1.jpg,5
asgrimur-jonsson_the-farm-m-lakot-in-flj-tshl-south-iceland-1913.jpg,2
asgrimur-jonsson_view-of-elli-a-rvogur-reykjav-k-1930.jpg,6
atsuko-tanaka_untitled.jpg,0
august-macke_terrace-of-the-country-house-in-st-germain.jpg,3
august-macke_untitled.jpg,3
auguste-herbin_a-street-in-bastia.jpg,2
auguste-herbin_still-life-1909.jpg,3
auguste-rodin_i-am-beautiful-1882.jpg,1
auguste-rodin_three-views-of-a-mask-3.jpg,3
augustus-john_david-and-caspar-1912.jpg,1
balthus_young-girl-with-white-skirt-1955.jpg,1
barnett-newman_broken-obelisk(1).jpg,0
barnett-newman_canto-ii-1963.jpg,0
barnett-newman_onement-iii-1949.jpg,0
bartolome-bermejo_crucifixion-1480.jpg,4
bartolome-esteban-murillo_children-with-shell.jpg,1
bartolome-esteban-murillo_st-rose-of-lima.jpg,1
bartolome-esteban-murillo_the-immaculate-conception-oil-on-canvas.jpg,4
bartolome-esteban-murillo_the-prodigal-son-driven-out-1660.jpg,4
basuki-abdullah_an-indonesian-beauty.jpg,1
bela-czobel_girl-by-the-window-with-flower-1904.jpg,1
bela-czobel_muse-1930.jpg,4
benjamin-west_two-angels-singing.jpg,0
benozzo-gozzoli_angels-worshipping-detail-1461-2.jpg,4
benozzo-gozzoli_preaching-to-the-birds-and-blessing-montefalco-1452.jpg,4
benozzo-gozzoli_st-augustine-departing-for-milan-detail-1465.jpg,4
benozzo-gozzoli_the-dance-of-salome-detail-1462-2.jpg,4
benozzo-gozzoli_the-triumph-of-st-thomas-aquinas-1484.jpg,4
bernhard-strigel_john-the-evangelist.jpg,3
berthe-morisot_rosalie-reisener.jpg,4
betty-parsons_untitled-abstraction.jpg,3
billy-childish_scull.jpg,5
blinky-palermo_komposition-blau-rot-auf-weiss-1965.jpg,0
boris-kustodiev_autumn-1918.jpg,6
boris-kustodiev_blanket-1915.jpg,0
boris-kustodiev_date-of-vladimir-and-masha-in-the-garden-1919.jpg,3
boris-kustodiev_forest-near-the-village-maureeno.jpg,6
boris-kustodiev_in-the-living-room-in-moscow-in-1840-s-1912.jpg,4
boris-kustodiev_kiselvrode-1924.jpg,3
boris-kustodiev_portrait-of-a-k-kashparova-1911.jpg,1
boris-kustodiev_portrait-of-a-peasant-kotov.jpg,1
boris-kustodiev_portrait-of-evdokimova-1925.jpg,0
boris-kustodiev_portrait-of-russian-actor-vasily-luzhsky-1913.jpg,1
boris-kustodiev_portrait-of-soviet-actor-nikolay-monakhov-1926.jpg,3
boris-kustodiev_russian-venus-1920.jpg,1
boris-kustodiev_still-life-grenades-1910.jpg,5
boris-kustodiev_summer-landscape-with-women.jpg,2
boris-kustodiev_the-guy-from-tula-1926-1.jpg,1
boris-kustodiev_v-a-kastalsky-tree-sketches-1919.jpg,1
camille-corot_a-cow-grazing-beneath-a-birch-tree.jpg,6
camille-corot_a-farm-in-the-nievre-1831.jpg,2
camille-corot_a-farmyard-near-fontainebleau.jpg,2
camille-corot_arleux-du-nord-the-drocourt-mill-on-the-sensee-1871.jpg,6
camille-corot_at-civita-castellana-wooded-rocks.jpg,5
camille-corot_fishing-boars-beached-in-the-chanel.jpg,2
camille-corot_forest-in-fontainbleau.jpg,6
camille-corot_hay.jpg,6
camille-corot_landscape-at-castel-gandolfo.jpg,6
camille-corot_the-swamp-near-the-big-tree-and-a-shepherdess.jpg,6
camille-corot_ville-d-avray-horses-watering.jpg,6
camille-corot_ville-d-avray-the-large-pond-and-villas.jpg,6
camille-corot_woman-with-daisies-1870.jpg,1
camille-pissarro_apple-trees-sunset-eragny-1896.jpg,6
camille-pissarro_cliffs-at-petit-dalles-1883.jpg,2
camille-pissarro_flock-of-sheep-1888.jpg,2
camille-pissarro_landscape-with-a-donkey.jpg,2
camille-pissarro_pont-neuf-fog-1902.jpg,2
camille-pissarro_pontoise-dam-1872.jpg,2
camille-pissarro_rouen-port-unloading-wood-1898.jpg,2
camille-pissarro_rouen-saint-sever-afternoon-1898.jpg,6
camille-pissarro_rouen-saint-sever-morning-1898.jpg,2
camille-pissarro_shepherd-in-a-downpour-1889.jpg,2
camille-pissarro_the-telegraph-tower-at-montmartre-1863.jpg,2
camille-pissarro_the-versailles-road-at-louveciennes-1869.jpg,6
camille-pissarro_trees-on-a-hill-autumn-landscape-in-louveciennes-1872.jpg,6
canaletto_capriccio-of-the-grand-canal-with-an-imaginary-rialto-bridge-and-other-buildings.jpg,2
canaletto_view-of-the-grand-walk-vauxhall-gardens-with-the-orchestra-pavilion-the-organ-house-the-turkish.jpg,6
candido-portinari_a-primeira-missa-no-brasil-1948.jpg,4
candido-portinari_os-retirantes-1944.jpg,4
candido-portinari_pipas.jpg,0
caravaggio_beheading-of-saint-john-the-baptist-1608(1).jpg,4
caravaggio_madonna-and-child-with-st-anne-1606(1).jpg,1
carl-larsson_ulf-and-pontus-1894(1).jpg,4
carlo-crivelli_coronation-of-the-virgin-1493.jpg,4
carlo-crivelli_saint-francis.jpg,1
carlos-orozco-romero_woman-with-hat.jpg,1
carlos-saenz-de-tejada_platero-the-lulling-sleeping-brother.jpg,4
caspar-david-friedrich_early-snow.jpg,6
caspar-david-friedrich_eldena.jpg,2
charles-francois-daubigny_the-banks-of-the-river-1863.jpg,6
charles-francois-daubigny_the-big-valley-of-the-optevoz-1857.jpg,6
charles-francois-daubigny_the-bog-in-the-sunset-1861.jpg,6
charles-lapicque_oedipe-1964.jpg,3
charles-lapicque_paysage.jpg,5
childe-hassam_apple-trees-in-bloom-old-lyme.jpg,6
childe-hassam_ecola-beach-oregon.jpg,6
childe-hassam_elms-east-hampton-new-york.jpg,6
childe-hassam_gloucester-inner-harbor.jpg,6
childe-hassam_in-the-garden-1889.jpg,1
childe-hassam_marche-st-pierre-montmartre.jpg,2
childe-hassam_morning-light.jpg,4
childe-hassam_poppies-isles-of-shoals.jpg,6
childe-hassam_rue-montmartre-paris.jpg,2
christen-kobke_a-view-of-the-square-in-the-kastel-looking-towards-the-ramparts-1830.jpg,2
chronis-botsoglou_nauths.jpg,1
chronis-botsoglou_the-embalmer.jpg,5
chronis-botsoglou_untitled-2.jpg,1
cima-da-conegliano_st-helena.jpg,4
cima-da-conegliano_st-peter-martyr-with-st-nicholas-of-bari-st-benedict-and-an-angel-musician-1504.jpg,4
claude-lorrain_trees.jpg,6
claude-monet_argenteuil-seen-from-the-small-arm-of-the-seine-1(1).jpg,6
claude-monet_bend-in-the-river-epte.jpg,6
claude-monet_camille-on-the-beach-1871.jpg,2
claude-monet_cliff-at-grainval-near-fecamp.jpg,2
claude-monet_coming-into-port-goulphar-belle-ile.jpg,6
claude-monet_in-the-garden.jpg,6
claude-monet_poplars-on-the-banks-of-the-epte-1891.jpg,5
claude-monet_poplars-on-the-banks-of-the-epte-autumn-1891.jpg,5
claude-monet_rouen-cathedral-the-portal-and-the-tour-d-albane-at-dawn.jpg,0
claude-monet_rouen-cathedral-the-portal-and-the-tour-d-albene-grey-weather.jpg,2
claude-monet_sunset-on-the-seine-at-lavacourt-winter-effect.jpg,6
claude-monet_the-beach-at-trouville.jpg,2
claude-monet_the-blue-row-boat.jpg,4
claude-monet_the-church-at-varengeville.jpg,5
claude-monet_the-house-at-giverny-viewed-from-the-rose-garden-1924.jpg,5
claude-monet_the-isle-grande-jatte-on-the-siene.jpg,6
claude-monet_the-palazzo-ducale.jpg,2
claude-monet_the-pond-at-montgeron.jpg,6
claude-monet_the-rock-needle-seen-through-the-porte-d-aval-1886.jpg,5
claude-monet_the-rose-path-giverny-1922.jpg,5
claude-monet_the-seine-at-vetheuil-3.jpg,6
claude-monet_two-anglers.jpg,2
claude-monet_under-the-lemon-trees.jpg,6
claude-monet_view-of-the-voorzaan-1871.jpg,2
claude-monet_water-lilies-27.jpg,5
claude-monet_water-lily-pond-evening-right-panel-1926.jpg,6
claude-monet_waterloo-bridge-fog.jpg,0
conrad-marca-relli_ll-4-72-1972.jpg,0
constantin-artachino_street-in-turtucaia_1.jpg,6
constantin-artachino_winter-end.jpg,2
constantin-guys_unknown-title.jpg,5
constantin-piliuta_winter-landscape.jpg,6
constantine-maleas_landscape-sketch.jpg,6
constantine-maleas_olympia.jpg,2
cornelis-norbertus-gysbrechts_quodlibet-1675.jpg,1
cornelis-norbertus-gysbrechts_silverware-in-an-open-cabinet.jpg,4
cornelis-springer_kerkegracht-en-weeshuis-in-leiden.jpg,2
cornelis-springer_many-figures-on-the-market-square-in-front-of-the-martinikirche-braunschweig-1874.jpg,2
correggio_the-adoration-of-the-magi-1518(2).jpg,4
cy-twombly_ferragosto-iii.jpg,5
cy-twombly_hero-and-leander-to-christopher-marlowe-rome.jpg,6
dan-christensen_serpens-1968_1.jpg,0
dan-christensen_swing-low-1988.jpg,0
dan-flavin_untitled-to-barnett-newman-to-commemorate-his-simple-problem-red-yellow-and-blue-1970.jpg,0
dante-gabriel-rossetti_aggie-1877.jpg,1
dante-gabriel-rossetti_drawing-1882.jpg,1
dante-gabriel-rossetti_image-of-a-sketch-and-poem-showing-subject-and-author-1869.jpg,3
dante-gabriel-rossetti_kissed-mouth-1881.jpg,1
dante-gabriel-rossetti_my-lady-greensleeves-1863.jpg,1
dante-gabriel-rossetti_the-beautiful-lady-without-goods-1848.jpg,5
dante-gabriel-rossetti_the-virgin-mary-being-comforted-1852.jpg,4
david-batchelor_hackney-road-drawing-2004.jpg,0
david-batchelor_untitled-drawing-2006.jpg,0
david-burliuk_a-red-horse(1).jpg,0
david-burliuk_landscape-1.jpg,5
david-burliuk_marusia-in-the-library.jpg,3
david-burliuk_mount-fuji-1922.jpg,6
david-burliuk_the-last-cow.jpg,5
david-burliuk_the-stand-1946.jpg,3
david-smith_steel-drawing-i-1945.jpg,0
derek-boshier_frightened-cowboy-1980.jpg,3
derek-boshier_viewer-1963.jpg,3
diego-rivera_indian-spinning.jpg,1
diego-velazquez_christ-in-the-house-of-mary-and-martha.jpg,1
diego-velazquez_pablo-de-valladolid-1637.jpg,1
diego-velazquez_portrait-of-the-sculptor-juan-martinez-montanes-1635.jpg,1
diego-velazquez_the-infanta-maria-marguerita-in-pink-1659.jpg,4
dimitrie-paciurea_chimera-of-the-water.jpg,1
dimitris-mytaras_boat-and-mermaid.jpg,3
dimitris-mytaras_boats.jpg,3
dimitris-mytaras_seated-woman-in-black-boots.jpg,3
dimitris-mytaras_the-red-boat.jpg,3
dirk-bouts_portrait-of-a-man.jpg,1
dmitry-levitzky_anna-dorothea-louise-schmidt-n-e-baroness-klossen.jpg,1
dmitry-levitzky_natalia-melgunova.jpg,1
dmitry-levitzky_prince-mikhail-shcherbatov-1781.jpg,1
domenico-ghirlandaio_a-sibyl-1486.jpg,4
edgar-degas_after-the-bath-1896-1.jpg,1
edgar-degas_after-the-bath-woman-drying-her-hair.jpg,5
edgar-degas_amateur-jockey-1870.jpg,0
edgar-degas_dancer-at-the-barre.jpg,4
edgar-degas_edouard-manet-standing.jpg,1
edgar-degas_laundry-girls-ironing-1884.jpg,4
edgar-degas_les-pointes-1878.jpg,6
edgar-degas_little-dancer-fourteen-years-old-1881.jpg,1
edgar-degas_race-horses.jpg,4
edgar-degas_seated-dancer.jpg,5
edgar-degas_self-portrait-1.jpg,1
edgar-degas_semiramis-building-a-city-1861.jpg,2
edgar-degas_semiramis-building-babylon-1861.jpg,4
edgar-degas_three-jockeys.jpg,2
edgar-degas_three-russian-dancers-1895.jpg,5
edgar-degas_two-dancers-in-blue.jpg,4
edgar-degas_woman-leaving-her-bath.jpg,4
edgar-degas_woman-trying-on-a-hat.jpg,1
edmund-dulac_stealers-of-light-by-the-queen-of-romania.jpg,5
edmund-dulac_the-woman-he-could-not-leave-stealers-of-light-by-the-queen-of-romania.jpg,4
edmund-dulac_where-i-made-one-the-rubaiyat-of-omar-khayyam.jpg,5
edouard-cortes_boulevard-de-la-madeleine-winter.jpg,2
edouard-cortes_flower-market-at-la-madeleine-3.jpg,2
edouard-cortes_north-station.jpg,2
edouard-cortes_st-denis-4.jpg,2
edouard-cortes_the-rue-royal-madeleine.jpg,2
edouard-manet_young-man-in-the-costume-of-a-majo-1863.jpg,1
edouard-vuillard_under-the-portico-1900.jpg,4
edvard-munch_ashes-1894.jpg,4
edvard-munch_four-ages-in-life-1902.jpg,4
edvard-munch_jurisprudence-1887.jpg,4
edvard-munch_the-painter-jacob-bratland-1892.jpg,1
edvard-munch_workers-on-their-way-home-i-1920.jpg,3
edward-burne-jones_head-study-for-the-masque-of-cupid.jpg,0
edward-burne-jones_paderewski.jpg,1
edward-corbett_mt-holyoke-1956_1.jpg,0
edward-ruscha_cadillac-motor-city-series-2009.jpg,0
edwin-henry-landseer_the-monkey-who-had-seen-the-world.jpg,4
egon-schiele_hermits-1912.jpg,1
egon-schiele_melon-1905.jpg,5
egon-schiele_poldi-lodzinsky-1910.jpg,3
egon-schiele_winding-brook-1906.jpg,6
el-greco_apostle-st-andrew-1.jpg,1
el-greco_christ-1585.jpg,1
el-greco_madonna-of-charity.jpg,4
el-greco_the-marriage-of-the-virgin.jpg,4
el-lissitzky_illustration-to-aggadah-1919.jpg,0
eliseu-visconti_esperan-a-sonho-mistico_1.jpg,1
eliseu-visconti_motivo-para-seda.jpg,0
eliseu-visconti_selo-50-reis.jpg,3
ellsworth-kelly_blue-from-the-series-line-form-color-1951.jpg,0
ellsworth-kelly_three-panels-orange-dark-gray-green-1986-1.jpg,0
ellsworth-kelly_white-relief-over-white-2003.jpg,0
emily-carr_old-indian-house-northern-british-columbia-1912.jpg,2
endre-balint_in-memoriam-bart-k-1973.jpg,0
ernst-ludwig-kirchner_cocotte-on-the-road.jpg,3
ernst-ludwig-kirchner_female-rider-1932.jpg,3
ernst-ludwig-kirchner_house-in-the-meadows.jpg,2
ernst-ludwig-kirchner_portrait-of-erich-heckel-at-the-easel.jpg,3
ernst-ludwig-kirchner_the-railway-overpass.jpg,0
ernst-ludwig-kirchner_walking-man-in-the-meadow.jpg,3
esaias-van-de-velde_hunter-with-two-dogs.jpg,3
esaias-van-de-velde_ice-on-the-moat-entertainment-1618.jpg,2
esaias-van-de-velde_winter-landscape-1629.jpg,2
eugene-boudin_beach-scene-8.jpg,2
eugene-boudin_camaret-three-masters-anchored-in-the-harbor-1873.jpg,2
eugene-boudin_deauville-low-tide.jpg,6
eugene-boudin_le-havre-stormy-skies-over-the-estuary.jpg,6
eugene-boudin_river-near-abbeville-1894.jpg,6
eugene-boudin_the-shore-at-villerville-1893.jpg,6
eugene-boudin_trouville-the-jettys-high-tide-1897.jpg,6
eugene-boudin_women-fishing-for-shrimp-at-kerhor-1880-2.jpg,2
eugene-delacroix_portrait-of-baron-schwiter-1827(1).jpg,1
eugene-delacroix_the-muse-of-orpheus-1847(1).jpg,4
eugΓö£╨│Γö¼╨╕ne-grasset_jalousie.jpg,0
eugΓö£╨│Γö¼╨╕ne-grasset_la-belle-jardiniere-march-1896.jpg,3
eva-hesse_untitled-1967.jpg,0
federico-zandomeneghi_mother-and-daughter-1879.jpg,1
felicien-rops_front-cover-of-jos-phin-p-ladan-s-novel-initiation-sentimentale.jpg,3
felix-vallotton_cloud-at-romanel-1900.jpg,5
felix-vallotton_portrait-of-french-writer-paul-adam-1896.jpg,0
felix-vallotton_portrait-of-french-writer-rachilde-1898.jpg,0
felix-vallotton_portrait-of-pierre-lou-s-1898.jpg,0
felix-vallotton_street-scene-1895.jpg,3
ferdinand-hodler_dying-warrior.jpg,0
ferdinand-hodler_landsknecht-with-halberd-1897.jpg,0
ferdinand-hodler_self-portrait-1912.jpg,1
ferdinand-hodler_the-aarekanal-near-thun-1879.jpg,6
ferdinand-hodler_the-black-lutschina-1905.jpg,6
fernand-khnopff_st-phane-mallarm-s-poetry-listening-to-flowers-1895.jpg,0
fernand-khnopff_woman-of-mystery-1909.jpg,0
fernand-leger_face-by-hand-on-a-red-background.jpg,3
fernand-leger_stalingrad-2.jpg,3
fernand-leger_the-mask-negro.jpg,3
filipp-malyavin_a-peasant-women-1904.jpg,5
filippo-lippi_confirmation-of-the-carmelite-rule.jpg,4
filippo-lippi_madonna-of-humility-with-angels-and-donor.jpg,4
filippo-lippi_meeting-of-joachim-and-anne-at-the-golden-gate.jpg,4
filippo-lippi_st-john-taking-leave-of-his-parents-detail-1465.jpg,4
ford-madox-brown_the-finding-of-don-juan-by-haidee-1869.jpg,4
fra-angelico_adoration-of-the-magi-1442.jpg,4
fra-angelico_cortona-polyptych.jpg,4
fra-angelico_crucified-christ-with-saint-john-the-evangelist.jpg,4
fra-angelico_the-story-of-st-nicholas-the-liberation-of-three-innocents-1448.jpg,4
fra-angelico_the-trial-by-fire-of-st-francis-before-the-sultan.jpg,4
francesco-guardi_nighttime-procession-in-piazza-san-marco.jpg,2
francesco-guardi_the-grand-canal-with-san-simeone-piccolo-and-santa-lucia.jpg,2
francesco-hayez_ballerina-carlotta-chabert-as-venus-1830.jpg,1
francesco-hayez_bathsheba.jpg,1
francesco-hayez_carolina-zucchi-la-malata-1825.jpg,1
francesco-hayez_laocoon-1812.jpg,4
francesco-hayez_portrait-of-teresa-borri.jpg,1
francesco-solimena_battle-between-lapiths-and-centaurs-1740.jpg,4
francisc-sirato_c-rcium-rese.jpg,3
francisco-goya_girl-listening-to-a-guitar-1799.jpg,0
francisco-goya_sebastian-martinez-1792.jpg,1
francisco-goya_still-life-of-sheep-s-ribs-and-head-the-butcher-s-conter-1812.jpg,5
francisco-goya_they-have-flown-1799.jpg,1
francisco-goya_woman-battered-with-a-cane.jpg,1
frank-stella_whale-watch-1994.jpg,3
frans-hals_catarina-both-van-der-eem.jpg,1
frans-hals_dorothea-berck-1644.jpg,1
frans-hals_officers-and-sergeants-of-the-st-hadrian-civic-guard-1639.jpg,4
frans-hals_pieter-cornelisz-van-der-morsch-1616.jpg,1
frans-hals_the-rommel-pot-player.jpg,1
frans-hals_vincent-laurensz-van-der-vinne.jpg,1
frans-hals_young-man-and-woman-in-an-inn-yonker-ramp-and-his-sweetheart-1623.jpg,4
frans-hals_young-man-with-a-skull.jpg,1
frans-snyders_fruit-and-vegetable-market.jpg,4
frantisek-kupka_lipstick-1908.jpg,4
frantisek-kupka_the-beginning-of-life.jpg,5
franz-kline_delaware-gap.jpg,2
franz-marc_grazing-horses-iv-the-red-horses-1911.jpg,3
franz-marc_small-composition-i-1913.jpg,3
franz-marc_woodcutter-1911.jpg,3
franz-stuck_dissonance-1910.jpg,1
franz-stuck_sensuality-1891.jpg,1
fred-sandback_untitled-1972.jpg,0
frederic-remington_coming-to-the-call-1905.jpg,2
friedel-dzubas_cassia-1964.jpg,0
friedel-dzubas_key-largo-1964.jpg,0
friedel-dzubas_polaris-1959.jpg,5
friedel-dzubas_untitled-1953.jpg,5
fyodor-bronnikov_the-catholic-mass-1869.jpg,4
fyodor-rokotov_portrait-of-alexandra-struiskaya.jpg,1
fyodor-vasilyev_after-a-rain-country-road-1869.jpg,6
fyodor-vasilyev_after-a-rain-spring-in-st-petersburg.jpg,2
fyodor-vasilyev_river-in-krasnoye-selo.jpg,6
fyodor-vasilyev_road-through-a-birchwood-1869.jpg,6
gabriel-metsu_a-woman-seated-at-a-table-and-a-man-tuning-a-violin.jpg,4
gabriel-metsu_lady-seated-in-a-window.jpg,1
gabriel-metsu_woman-at-the-virginals.jpg,4
gene-davis_citadel-1962.jpg,0
gene-davis_untitled-pink-yellow-and-white-1980.jpg,0
george-bouzianis_kefali-ths-gunaikas-tou-zwgrafou-1917.jpg,5
george-catlin_ball-players.jpg,4
george-luks_in-the-corner.jpg,1
george-luks_man-with-a-monocle.jpg,1
george-mavroides_island-landscape.jpg,2
george-morland_rabbits.jpg,1
george-morland_the-cottage-door-1790.jpg,4
george-stubbs_brood-mares-and-foals.jpg,2
george-stubbs_racehorses-belonging-to-the-duke-of-richmond-exercising-at-goodwood-1761.jpg,2
georges-braque_a-winging-1955.jpg,3
georges-braque_amaryllis-1958.jpg,3
georges-braque_antwerp-harbor-1905.jpg,2
georges-braque_glass-pitcher-and-lemons-1942_1.jpg,3
georges-braque_glasses-and-bottle-1912.jpg,4
georges-braque_homage-to-j-s-bach-1912.jpg,2
georges-braque_leaves-in-color-of-light-1953.jpg,3
georges-braque_mandolin-glass-pot-and-fruit-1927.jpg,3
georges-braque_port-of-la-ciotat-1907.jpg,3
georges-braque_the-salon-1944.jpg,3
georges-braque_viaduct-at-l-estaque-1908.jpg,5
georges-braque_violin-and-candlestick-1910.jpg,2
georges-braque_violin-and-glass-1913-1.jpg,2
georges-braque_woman-with-a-mandolin-1937.jpg,3
georges-lemmen_la-modiste-1901.jpg,4
georges-lemmen_young-bather-1904.jpg,1
georges-seurat_artist-at-work-1884.jpg,0
georges-seurat_sailboat-1884.jpg,6
georges-seurat_sleeping-woman.jpg,0
georgios-jakobides_grassy-field-1890.jpg,6
gerard-david_lineage-of-saint-anne.jpg,3
gerard-david_the-judgement-of-cambyses-1498-1.jpg,4
gerard-fromanger_bastille-flux-2007.jpg,3
gerard-fromanger_corps-corps-bleu-2006.jpg,3
gerard-sekoto_prayer-in-church-1947.jpg,4
gerard-terborch_officer-writing-a-letter.jpg,4
gerhard-richter_abstract-painting-780-1-1.jpg,2
gerrit-dou_the-bible-lesson-or-anne-and-tobias.jpg,4
gerrit-dou_the-extraction-of-tooth-1635.jpg,4
gian-lorenzo-bernini_bust-of-pope-gregory-xv(1).jpg,1
giorgione_nude-young-woman-1508(1).jpg,5
giorgione_the-storm-1505(2).jpg,2
giovanni-battista-tiepolo_apollo-and-daphne-1744.jpg,4
giovanni-battista-tiepolo_the-prophet-isaiah-1729.jpg,4
giovanni-bellini_st-jerome-in-the-wilderness-1450.jpg,1
giovanni-boldini_duke-marlborough-singer-sargent-and-family.jpg,4
giovanni-boldini_peaceful-days-1875.jpg,4
giovanni-boldini_portrait-of-sarah-bernhardt.jpg,0
giovanni-boldini_signorina-concha-de-ossa-1888.jpg,1
giovanni-boldini_the-laundry-1874.jpg,6
giuseppe-arcimboldo_spring-1573(1).jpg,4
giuseppe-arcimboldo_winter-1573(1).jpg,4
grΓö£╨│Γö¼╨╣goire-michonze_children-s-games-1979.jpg,3
guido-reni_crucifixion-1619.jpg,1
guido-reni_portrait-of-cardinal-bernardino-spada-1631.jpg,4
guido-reni_st-filippo-neri-in-ecstasy-1614.jpg,4
guido-reni_the-archangel-michael-defeating-satan-1635.jpg,4
gulacsy-lajos_the-opium-smoker-s-dream-1918.jpg,5
gustav-klimt_portrait-of-a-girl.jpg,1
gustave-caillebotte_landscape-banks-of-the-yerres.jpg,6
gustave-caillebotte_yellow-roses-in-a-vase.jpg,5
gustave-courbet_deer-shelter-1868.jpg,5
gustave-courbet_head-of-a-woman-with-flowers-1871.jpg,1
gustave-courbet_horse-in-the-woods-1863.jpg,4
gustave-courbet_portrait-of-juliette-courbet-as-a-sleeping-child-1841.jpg,1
gustave-courbet_the-deer-1876.jpg,5
gustave-dore_bluebeard-1862.jpg,4
gustave-dore_burying-the-dead-after-the-battle-of-dorylaeum.jpg,4
gustave-dore_cocytus-traitors(1).jpg,0
gustave-dore_crystalline-heaven.jpg,5
gustave-dore_don-quixote-124.jpg,2
gustave-dore_don-quixote-129.jpg,5
gustave-dore_don-quixote-7.jpg,2
gustave-dore_don-quixote-96.jpg,2
gustave-dore_jephthah-s-daughter-comes-to-meet-her-father.jpg,5
gustave-dore_the-avariscious-and-prodigal(1).jpg,5
gustave-dore_the-enigma-1871.jpg,6
gustave-dore_the-fifth-plague-livestock-disease.jpg,5
gustave-dore_the-inferno-canto-12-1.jpg,2
gustave-dore_the-inferno-canto-32-2.jpg,2
gustave-dore_the-inferno-canto-33.jpg,2
gustave-dore_the-inferno-canto-34-1.jpg,2
gustave-dore_the-resurrection.jpg,4
gustave-loiseau_by-the-lorne-river-near-caen-1925.jpg,6
gustave-loiseau_cliffs-at-saint-jouin-1908.jpg,6
gustave-loiseau_flood-at-nantes-1909.jpg,6
gustave-loiseau_the-pont-marie-de-paris-1912.jpg,2
gustave-loiseau_willows-in-fog-1915.jpg,6
gustave-moreau_perseus-and-andromeda.jpg,4
gustave-moreau_portrait-of-degas-in-florence-1858.jpg,2
gustave-moreau_the-education-of-achilles.jpg,5
guy-rose_a-carmel-pine-1918.jpg,6
guy-rose_july-afternoon.jpg,6
gwen-john_m-re-poussepin-and-the-catholic-church.jpg,5
hans-baldung_adoration-of-the-magi.jpg,4
hans-baldung_beheading-of-st-dorothea-1516.jpg,4
hans-baldung_portrait-of-ambroise-volmar-keller-1538.jpg,1
hans-baldung_the-dead-christ-1507.jpg,5
hans-hofmann_golden-autumn-1963.jpg,5
hans-hofmann_the-lark-1960.jpg,3
hans-holbein-the-younger_portrait-of-sir-nicholas-carew.jpg,4
hans-memling_passion-greverade-altarpiece-first-closed-position-1491.jpg,4
hans-von-aachen_boy-with-grapes-1605.jpg,1
harry-clarke_the-year-s-at-the-spring-1920-29.jpg,3
hedda-sterne_tondo-22-1953.jpg,3
helen-frankenthaler_mary-mary-1987.jpg,0
helene-schjerfbeck_still-life-in-green-1930.jpg,5
hendrick-cornelisz-vroom_ferry-boat-on-a-river-trees-on-a-hill-to-the-left.jpg,6
hendrick-terbrugghen_the-calling-of-st-matthew-1621.jpg,4
henk-peeters_pyrographie-both-sides-flames-1959.jpg,0
henri-de-toulouse-lautrec_debauchery-second-floor-1896.jpg,0
henri-de-toulouse-lautrec_is-it-enough-to-want-something-passionately-the-good-jockey-1895.jpg,5
henri-de-toulouse-lautrec_madame-poupoule-at-her-dressing-table-1898.jpg,4
henri-de-toulouse-lautrec_prostitutes-around-a-dinner-table.jpg,3
henri-de-toulouse-lautrec_the-cartwheel-1893.jpg,4
henri-de-toulouse-lautrec_the-medical-inspection.jpg,3
henri-de-toulouse-lautrec_they.jpg,0
henri-de-toulouse-lautrec_woman-standing-in-semi-profile-1883.jpg,0
henri-de-toulouse-lautrec_yvette-guibert-singing-1894.jpg,3
henri-edmond-cross_the-farm-morning.jpg,5
henri-fantin-latour_not-identified-2.jpg,1
henri-fantin-latour_portrait-of-young-woman-1873.jpg,1
henri-fantin-latour_roses-1885.jpg,5
henri-fantin-latour_roses-4.jpg,5
henri-fantin-latour_self-portrait-1860.jpg,1
henri-fantin-latour_the-rosy-wealth-of-june-1886.jpg,5
henri-martin_banks-of-the-garonne.jpg,2
henri-martin_summer.jpg,2
henri-martin_the-pergola-1920.jpg,6
henri-martin_view-of-venice.jpg,5
henri-matisse_not-identified-25.jpg,1
henri-matisse_odalisque.jpg,3
henri-matisse_pink-nude-1935.jpg,3
henri-matisse_standing-nude-nude-study-1907.jpg,4
henri-matisse_still-life-with-flowers.jpg,3
henri-matisse_still-life-with-oranges-ii-1899.jpg,3
henri-matisse_the-black-table-1919.jpg,3
henri-matisse_the-maid-1896.jpg,2
henri-matisse_the-stream-near-nice.jpg,5
henri-matisse_young-woman-at-the-window-sunset-1921.jpg,4
henri-rousseau_view-of-saint-cloud-1909.jpg,6
henry-herbert-la-thangue_violets-for-perfume-1913.jpg,4
henry-raeburn_portrait-of-alexander-keith-of-ravelston-midlothian.jpg,1
henry-raeburn_rev-alexander-carlyle.jpg,1
henryk-siemiradzki_not-detected-278800.jpg,4
heorhiy-narbut_illustration-to-nightingale-by-hans-christian-andersen-1912-3.jpg,3
heorhiy-narbut_sheet-l-from-the-album-ukrainian-alphabet-1917.jpg,3
hieronymus-bosch_the-carrying-of-the-cross-1480.jpg,4
hieronymus-bosch_triptych-of-temptation-of-st-anthony-1506.jpg,4
hilma-af-klint_untitled(6).jpg,0
hiro-yamagata_not-detected-272396.jpg,2
hiroshige_hodogaya-shinkame-bashi-station-5.jpg,2
hoca-ali-riza_untitled.jpg,6
horace-pippin_marian-anderson-ii-1941.jpg,1
horace-pippin_the-woman-taken-in-adultery-1941.jpg,4
horia-bernea_still-life-with-apples-food-1985.jpg,5
horia-damian_le-colis-e-1987.jpg,0
howard-finster_coca-cola-airplane-1995.jpg,3
howard-finster_elvis-and-the-arpitaun-world-1980.jpg,3
hubert-robert_draughtsmen-in-a-landscape-with-antique-ruins-1789.jpg,2
hugo-simberg_man-with-red-moustache-1903.jpg,1
hugo-simberg_portrait-of-the-sculptor-viktor-malmberg.jpg,4
hugo-van-der-goes_deposition-diptych-small-deposition-left-wing.jpg,1
ilka-gedo_table-1-1949.jpg,0
ilya-mashkov_radish-1942.jpg,5
ilya-mashkov_still-life-1940.jpg,5
ilya-mashkov_the-head-of-laocoon-in-the-profile-1900.jpg,5
ilya-repin_landscape-near-chuguevo.jpg,6
ilya-repin_landscape-with-boat-1875.jpg,6
ilya-repin_portrait-of-nicholas-ii-the-last-russian-emperor-1896.jpg,1
ilya-repin_portrait-of-poet-grand-prince-konstantin-konstantinovich-romanov-1891.jpg,1
ilya-repin_portrait-of-the-military-engineer-andrey-delvig-1882.jpg,1
ilya-repin_portrait-of-v-d-ratov-s-m-muratov-1910.jpg,1
ilya-repin_putting-a-propagandist-under-arrest-1-1879.jpg,2
ilya-repin_zaporizhian-colonel-1880.jpg,4
ilya-repin_zaporozhets.jpg,1
imi-knoebel_grace-kelly-iii-1994.jpg,0
ioannis-altamouras_waves.jpg,6
ion-pacea_lalele.jpg,3
ion-theodorescu-sion_feti-n-foi-or-1920.jpg,4
ion-theodorescu-sion_peisaj-de-toamn-1920.jpg,2
ion-tuculescu_marina-at-mangalia.jpg,5
ipolit-strambu_reverie-1920.jpg,1
isaac-levitan_apiary-1887.jpg,6
isaac-levitan_by-the-riverside-1.jpg,6
isaac-levitan_entrance-to-the-village.jpg,2
isaac-levitan_gray-day-1888.jpg,6
isaac-levitan_lake-como-1894-2.jpg,6
isaac-levitan_landscape-with-a-steamboat.jpg,6
isaac-levitan_little-forest.jpg,6
isaac-levitan_path.jpg,5
isaac-levitan_spring-high-waters-1897.jpg,6
isaac-levitan_stable.jpg,2
istvan-farkas_woman-in-black-1931.jpg,2
ito-jakuchu_roses-bara-shou-kin-zu.jpg,0
ito-shinsui_morning-at-kambayashi-1948.jpg,6
ivan-aivazovsky_cristofor-columb-1875.jpg,6
ivan-aivazovsky_napoleon-on-island-of-st-helen-1897.jpg,6
ivan-aivazovsky_pushkin-and-raevskaya-in-gurzuf.jpg,6
ivan-aivazovsky_self-portrait-1874.jpg,1
ivan-aivazovsky_the-bay-of-naples-by-moonlight-1892.jpg,6
ivan-aivazovsky_the-old-feodosia-1839.jpg,6
ivan-aivazovsky_vesuvius.jpg,6
ivan-bilibin_fragrances-russian-boyars-partnership-palle-co-1900(1).jpg,3
ivan-grohar_rednik-1910.jpg,6
ivan-kramskoy_georg-august-von-mecklenburg-strelitz-1876.jpg,1
ivan-kramskoy_portarait-of-philosopher-vladimir-solovyov-1885.jpg,1
ivan-kramskoy_portrait-a-i-kuindzhi-1872.jpg,1
ivan-kramskoy_portrait-of-a-woman-2.jpg,1
ivan-kramskoy_portrait-of-sonya-kramskaya-the-artist-s-daughter.jpg,1
ivan-shishkin_after-a-storm-in-mary-howe-1891.jpg,6
ivan-shishkin_birch-grove-1878.jpg,6
ivan-shishkin_boulders-in-forest.jpg,6
ivan-shishkin_edge-of-the-forest-1879.jpg,6
ivan-shishkin_forest-flowers-1873.jpg,6
ivan-shishkin_forest-horizont.jpg,6
ivan-shishkin_forest-stream-1880.jpg,6
ivan-shishkin_logging-1867.jpg,6
ivan-shishkin_mowing-in-the-oak-grove-1874.jpg,6
ivan-shishkin_pine-merikyul-1894.jpg,6
ivan-shishkin_pond-1881.jpg,6
ivan-shishkin_pond-in-a-old-park-1897.jpg,6
ivan-shishkin_view-near-dusseldorf-1865.jpg,6
ivan-shishkin_willows-lit-up-by-the-sun.jpg,6
ivan-shishkin_winter-in-a-forest-rime-1877.jpg,6
ivan-vladimirov_the-capturing-of-a-tank-near-kakhovka-1927.jpg,5
j.-e.-h.-macdonald_dark-autumn-rocky-mountains-1930.jpg,5
j.-e.-h.-macdonald_september-snow-on-mount-schaffer-1929.jpg,5
j.-e.-h.-macdonald_the-beaver-dam-1919.jpg,5
jacek-malczewski_country-1903.jpg,1
jacek-malczewski_student.jpg,0
jacek-malczewski_the-resurrection-immortality_1.jpg,4
jacek-malczewski_vicious-circle-1897.jpg,4
jack-bush_low-spread-1974.jpg,0
jackson-pollock_pattern(1).jpg,5
jackson-pollock_untitled-green-silver-1949.jpg,5
jacopo-pontormo_joseph-in-egypt.jpg,4
jacopo-pontormo_madonna-and-child-with-the-young-saint-john.jpg,4
jacopo-pontormo_portrait-of-a-goldsmith.jpg,1
jacopo-pontormo_st-anthony-abbot-1519.jpg,1
jacques-villon_untitled-1962.jpg,0
james-ensor_skeletons-trying-to-warm-themselves-1889_1.jpg,4
james-mcneill-whistler_arrangement-in-black-no-2-portrait-of-mrs-louis-huth-1873_1.jpg,0
james-mcneill-whistler_blue-and-silver-boat-entering-pourville.jpg,6
james-mcneill-whistler_harmony-in-yellow-and-gold-the-gold-girl-connie-gilchrist-1873.jpg,1
james-mcneill-whistler_note-in-red-the-siesta-1875.jpg,5
james-mcneill-whistler_old-mother-gerard-1859.jpg,1
james-tissot_an-interesting-story-1872.jpg,4
james-tissot_god-renews-his-promises-to-abraham.jpg,4
james-tissot_jesus-ministered-to-by-angels-1894.jpg,5
james-tissot_men-of-the-day-no-610-caricature-of-lt-col-lord-charles-james-fox-russell.jpg,1
james-tissot_mrs-newton-with-a-parasol.jpg,1
james-tissot_pharaoh-notes-the-importance-of-the-jewish-people.jpg,2
james-tissot_saul-meets-with-samuel-1900.jpg,4
james-tissot_the-dove-returns-to-noah.jpg,5
james-tissot_the-harlot-of-jericho-and-the-two-spies.jpg,4
james-tissot_valley-of-jehoshaphat-1889.jpg,0
jamie-wyeth_newfoundland-1971.jpg,1
jamie-wyeth_submerged-1975.jpg,6
jan-matejko_our-lady.jpg,1
jan-matejko_portrait-of-three-children.jpg,4
jan-steen_a-village-wedding.jpg,4
jan-steen_dissolute-household.jpg,4
jan-steen_sick-woman.jpg,4
jan-toorop_cover-for-psyche-by-louis-couperus-1898.jpg,0
janos-tornyai_farm-with-shadoof-1907.jpg,2
janos-tornyai_interior-with-curtained-window-1929.jpg,2
jean-fouquet_entry-of-jean-le-bon-in-paris-1460.jpg,4
jean-fouquet_entry-of-louis-vii-c-1120-80-king-of-france-and-conrad-iii-1093-1152-king-of-germany-into.jpg,2
jean-francois-millet_a-hilly-landscape-1867.jpg,6
jean-francois-millet_garden-scene.jpg,6
jean-francois-millet_the-winnower-1848.jpg,4
jean-francois-millet_winter-the-faggot-gatherers-1875.jpg,1
jean-honore-fragonard_the-love-letter.jpg,1
jean-honore-fragonard_the-stolen-kiss-1788.jpg,4
jean-honore-fragonard_visit-to-the-nurse.jpg,4
jean-hugo_faust-magicien-1929.jpg,3
jean-metzinger_nu-au-soleil-nude-in-the-sun-1935.jpg,1
jean-paul-riopelle_lithograph-1968.jpg,0
jimmy-ernst_dusklight-1980.jpg,5
joan-snyder_chant-1979.jpg,3
joaquΓö£╨│Γö¼╨╜n-sorolla_bathing.jpg,5
joaquΓö£╨│Γö¼╨╜n-sorolla_clothilde-at-the-beach-1904.jpg,1
joaquΓö£╨│Γö¼╨╜n-sorolla_summer-1904.jpg,4
johan-hendrik-weissenbruch_house-near-canal.jpg,2
johan-hendrik-weissenbruch_landscape.jpg,6
johan-hendrik-weissenbruch_mill-in-landscape.jpg,2
johann-koler_self-portrait-1859.jpg,1
john-atkinson-grimshaw_autumn-morning.jpg,2
john-atkinson-grimshaw_forge-valley-scarborough.jpg,6
john-atkinson-grimshaw_hampstead.jpg,2
john-atkinson-grimshaw_midsummer-night.jpg,5
john-atkinson-grimshaw_reekie-glasgow.jpg,2
john-chamberlain_big-e-1962.jpg,3
john-crome_dock-leaves-1813.jpg,5
john-french-sloan_hot-wave-puzzle-illustration-for-philadelphia-press-1900.jpg,3
john-henry-twachtman_end-of-the-pier-new-york-harbor.jpg,2
john-henry-twachtman_from-the-upper-terrace-1897.jpg,6
john-henry-twachtman_tulip-tree-greenwich.jpg,6
john-henry-twachtman_winter-scene-1.jpg,6
john-lavery_a-da-a-moorish-maid.jpg,1
john-marin_tunk-mountains-autumn-maine-1945_1.jpg,5
john-miller_beach(4).jpg,6
john-miller_coco-beach-goa.jpg,6
john-miller_morjim-beach-goa.jpg,6
john-miller_trevorrian-sancreed-farm.jpg,6
john-miller_venice.jpg,2
john-singer-sargent_a-portrait-of-violet-1889.jpg,1
john-singer-sargent_campo-dei-gesuiti.jpg,2
john-singer-sargent_flotsam-and-jetsam-1908.jpg,2
john-singer-sargent_granada-the-weavers-1912.jpg,2
john-singer-sargent_in-a-hayloft.jpg,4
john-singer-sargent_mosquito-nets-1908.jpg,3
john-singer-sargent_mrs-william-russell-cooke-1895.jpg,1
john-singer-sargent_palazzo-grimani-1907.jpg,2
john-singer-sargent_paul-helleu.jpg,1
john-singer-sargent_schooner-catherine-somesville-maine.jpg,2
john-singer-sargent_the-garden-wall-1910.jpg,4
john-singer-sargent_two-women-asleep-in-a-punt-under-the-willows-1887.jpg,5
john-singer-sargent_venice-sailing-boat.jpg,2
john-singer-sargent_view-of-capri-1878.jpg,2
john-william-waterhouse_ophelia-1894.jpg,4
john-william-waterhouse_psyche-entering-cupid-s-garden-1903.jpg,1
john-william-waterhouse_the-favourites-of-emperor-honorius.jpg,4
jorge-martins_red-abstraction-1990.jpg,3
jose-guerrero_black-whims-with-yellow-1966.jpg,5
joseph-wright_penelope-unravelling-her-web.jpg,4
joshua-reynolds_lady-elizabeth-compton.jpg,4
joshua-reynolds_lady-sunderlin.jpg,4
joshua-reynolds_mrs-hale-1766.jpg,4
jozsef-rippl-ronai_christmas-1910.jpg,3
juan-gris_harlequin-at-a-table-1919.jpg,0
juan-gris_the-open-book-1925-1.jpg,3
jules-lefranc_sacre-coeur.jpg,2
julian-alden-weir_girl-standing-by-a-gate-1896.jpg,5
julio-pomar_la-table-de-l-architecte-1977.jpg,0
julius-leblanc-stewart_the-laughing-maid-1899(1).jpg,1
julius-leblanc-stewart_the-visit(1).jpg,4
jury-annenkov_portrait-of-kamenev-1926.jpg,0
jury-annenkov_portrait-of-zinoviev-1926.jpg,0
jury-annenkov_view-of-paris-from-meudon.jpg,0
karl-bodmer_encampment-of-the-piekann-indians-plate-43-from-volume-2-of-travels-in-the-interior-of-north-1844.jpg,2
karl-bodmer_mato-tope-a-mandan-chief-1833.jpg,4
karl-bryullov_portrait-of-antonio-tittoni-1852(1).jpg,1
karl-bryullov_portrait-of-singer-a-ya-petrova.jpg,1
karl-schrag_evening-woods-1980.jpg,5
karl-schrag_tree-in-flowing-moonlight-1975.jpg,5
karoly-ferenczy_pineapple-1911.jpg,5
kateryna-bilokur_in-bogdanovka-by-the-dam-1955.jpg,5
kathe-kollwitz_whetting-the-scythe.jpg,1
katsushika-hokusai_cherry-blossoms-and-warbler.jpg,3
katsushika-hokusai_fuji-blue.jpg,6
katsushika-hokusai_manga-4.jpg,0
katsushika-hokusai_manga-8.jpg,0
katsushika-hokusai_not_detected_223505(2).jpg,5
katsushika-hokusai_women-walking-in-a-garden.jpg,2
kazimir-malevich_blue-portrait-1930.jpg,3
kazimir-malevich_flowergirl-1930.jpg,1
kazuo-nakamura_inner-structure-1954.jpg,0
kazuo-nakamura_number-structure-3-1981.jpg,0
kazuo-nakamura_solitude-7-1973.jpg,5
keisai-eisen_mother-and-boy-with-ice(1).jpg,5
keith-haring_radiant-baby-from-icons-series-1990.jpg,0
keith-haring_safe-sex-1988.jpg,3
keith-sonnier_lit-square-1969.jpg,0
kenzo-okada_white-and-brown-1972.jpg,0
kitagawa-utamaro_a-scene-on-the-bridge-and-beld.jpg,3
kitagawa-utamaro_beauty-at-toilet.jpg,3
kitagawa-utamaro_flower-patterned-cotton.jpg,3
kitagawa-utamaro_the-hour-of-the-monkey.jpg,3
klavdy-lebedev_the-baptism-of-kievans.jpg,2
koloman-moser_animal-motif-for-a-picture-book.jpg,0
koloman-moser_head-of-the-girl-1896.jpg,0
koloman-moser_self-portrait-1.jpg,1
konstantin-korovin_actress-hope-komarovskaya-1919.jpg,4
konstantin-korovin_gurzuf-1915-1.jpg,2
konstantin-korovin_night-1921.jpg,4
konstantin-korovin_rose-against-the-sea.jpg,5
konstantin-korovin_the-lady-in-the-hat.jpg,5
konstantin-korovin_winter-1894.jpg,2
konstantin-makovsky_flowers-1.jpg,5
konstantin-makovsky_girl-in-burnous.jpg,1
konstantin-makovsky_portrait-6.jpg,4
konstantin-makovsky_portrait-of-the-girl-5.jpg,1
konstantin-somov_enchantress.jpg,4
konstantin-somov_lady-with-the-dog.jpg,1
konstantin-somov_landscape-with-two-peasant-girls-and-a-rainbow.jpg,2
konstantin-somov_sunday.jpg,0
konstantin-somov_young-woman-asleep.jpg,1
konstantin-vasilyev_self-portrait.jpg,1
konstantinos-parthenis_landscape.jpg,6
konstantinos-volanakis_greek-ship.jpg,2
kuzma-petrov-vodkin_female-head-1913.jpg,0
kuzma-petrov-vodkin_landscape-1915.jpg,5
kuzma-petrov-vodkin_sevres-1908.jpg,2
kuzma-petrov-vodkin_still-life-1921.jpg,5
lajos-tihanyi_portrait-of-a-child.jpg,4
larry-bell_untitled-vapor-drawing-1978.jpg,0
laszlo-mednyanszky_landscape-in-the-alps-view-from-the-rax-1900.jpg,6
laszlo-mednyanszky_peasant-boy-with-hat-study.jpg,1
le-nain-brothers_allegory-of-victory.jpg,4
le-nain-brothers_smokers-in-an-interior-1643.jpg,1
lee-ufan_with-winds-1990.jpg,2
lennart-rodhe_f-rgkomposition-med-blommor-1996.jpg,3
leon-bakst_les-femmes-de-bonne-humeur-set-design-1917.jpg,3
leon-bakst_model.jpg,1
leon-bakst_portrait-of-a-lady-1917.jpg,3
leon-bonnat_portrait-of-monsieur-allard-1922.jpg,1
leon-dabo_flowers-in-a-green-vase.jpg,5
lev-lagorio_haystacks-1878.jpg,6
lorenzo-lotto_virgin-and-child-with-saints-jerome-peter-clare-and-francis-1505.jpg,4
louay-kayyali_the-ice-cream-seller-1960.jpg,1
louis-janmot_portrait-de-l-artiste-1832.jpg,1
louis-marcoussis_violin-bottle-flowers-in-a-glass-and-eight-of-spades-1919.jpg,3
louis-schanker_carnival-1948.jpg,3
louis-valtat_child-with-trumpet-1910.jpg,3
louise-elisabeth-vigee-le-brun_princess-louise-of-prussia-1801.jpg,1
lovis-corinth_ice-skating-rink-in-the-tiergarten-berlin-1909.jpg,2
lovis-corinth_the-new-pond-in-the-tiergarten-berlin-1908.jpg,2
lovis-corinth_the-trojan-horse-1924.jpg,5
lovis-corinth_the-walchensee-with-mountain-range-and-shore-1925_1.jpg,6
luca-signorelli_madonna-and-child-with-prophets.jpg,4
luca-signorelli_saints-eligius-and-antonio.jpg,4
luca-signorelli_sallust-1502.jpg,3
luca-signorelli_the-descent-of-the-holy-ghost.jpg,4
lucas-cranach-the-elder_diptych-with-the-portraits-of-martin-luther-and-his-wife-1529.jpg,1
lucas-cranach-the-elder_venus-and-cupid.jpg,1
lucian-freud_annie-and-alice-1975.jpg,1
lucian-freud_cyclamen-1964.jpg,3
lucian-freud_girl-reading-1952.jpg,1
lucian-freud_man-s-head-small-portrait-iii-self-portrait-1963.jpg,5
lucian-freud_solicitors-head.jpg,1
lucian-freud_susie-1989.jpg,4
lynd-ward_not-detected-272534.jpg,1
lyonel-feininger_gaberndorf-ii-1924.jpg,2
m.-h.-maxy_diavolii-stage-design.jpg,3
m.-h.-maxy_still-life-with-a-celluloid-doll-and-iron-1926.jpg,3
m.-h.-maxy_vertical-construction-1923.jpg,3
m.c.-escher_alfedena-abruzzi.jpg,2
m.c.-escher_emblemata-kite.jpg,3
m.c.-escher_fiumara-calabria.jpg,2
m.c.-escher_initial-o.jpg,3
m.c.-escher_not_detected_204679.jpg,3
mabuse_the-high-council.jpg,4
maerten-van-heemskerck_lamentation-on-the-dead-christ-1566.jpg,4
maerten-van-heemskerck_self-portrait-of-the-painter-with-the-colosseum-in-the-background-1553.jpg,1
maerten-van-heemskerck_self-portrait.jpg,1
marc-chagall_asking-the-way.jpg,0
marc-chagall_birth-1912.jpg,3
marc-chagall_god-turns-moses-staff-into-a-serpent-1966.jpg,5
marc-chagall_in-front-of-the-picture-1963.jpg,0
marc-chagall_moses-and-aaron-with-pharaoh-1966.jpg,3
marc-chagall_moses-receiving-the-tablets-of-law-1966.jpg,5
marc-chagall_near-saint-jeannet-1969.jpg,5
marc-chagall_old-man-and-old-woman.jpg,3
marc-chagall_self-portrait-with-a-palette-1955.jpg,3
marc-chagall_still-life-with-vase-of-flowers.jpg,5
marc-chagall_the-ark-of-the-covenant-transported-to-jerusalem-preceded-by-david-dancing-and-playing-the-harp.jpg,0
marc-chagall_the-lion-go-hunting-and-the-donkey-1930.jpg,5
marc-chagall_the-walk-1973.jpg,3
marc-chagall_untitled-1973-2.jpg,0
marc-chagall_view-over-notre-dame-1980.jpg,5
marcel-janco_abuse-two-nazi-soldiers-mistreating-jews-1942.jpg,0
margareta-sterian_illustration-for-v-voiculescu-s-last-shakespearean-sonnets-1982.jpg,5
margareta-sterian_seals-in-the-arena.jpg,5
marianne-north_fishes-1870.jpg,5
mario-cesariny_linha-d-gua-1.jpg,6
mario-cesariny_retrato-de-menez-1968.jpg,3
mario-schifano_albero-per-terra-1984.jpg,5
mario-schifano_disegno-n-2-per-l-occhio-del-critico.jpg,0
mario-schifano_untitled-1979_1.jpg,0
marjorie-strider_come-on.jpg,3
marjorie-strider_green-triptych-1963.jpg,3
marjorie-strider_smiling-blonde.jpg,3
mark-rothko_no-21.jpg,5
mark-rothko_untitled-1.jpg,5
mark-tobey_canticle-1954.jpg,0
mark-tobey_new-crescent-1953.jpg,0
mark-tobey_to-life-1974.jpg,0
mark-tobey_untitled-from-market-series.jpg,3
marko-pogacnik_pop-article.jpg,0
marsden-hartley_the-ice-hole-1908_1.jpg,5
martin-schongauer_crusifixion.jpg,4
martin-schongauer_griffin-1485.jpg,0
martiros-saryan_akop-gukasyan-1962.jpg,3
martiros-saryan_apricot-tree-in-blossom-1942-1.jpg,6
martiros-saryan_flowering-branch-1903.jpg,5
martiros-saryan_illustration-to-a-poem-by-firdausi-shahnameh-1934.jpg,0
martiros-saryan_on-marna-yerevan-1927.jpg,2
martiros-saryan_pilgrimage-1929.jpg,2
martiros-saryan_still-life-with-matryoshka-dolls-1965.jpg,3
martiros-saryan_sunny-landscape-1923.jpg,3
martiros-saryan_trees-1918.jpg,5
mary-cassatt_baby-in-his-mother-s-arms-sucking-his-finger-1889.jpg,1
mary-cassatt_interior-of-a-tramway-passing-a-bridge-1891.jpg,3
mary-cassatt_young-mother-and-two-children-1905.jpg,1
mary-fedden_julian-with-a-fishing-net-1993.jpg,2
maurice-de-vlaminck_chatou.jpg,2
maurice-prendergast_beach-st-malo.jpg,2
maurice-prendergast_courtyard-scene-siena.jpg,2
maurice-prendergast_harbor-afternoon.jpg,2
maurice-prendergast_house-with-flag-in-the-cove.jpg,6
maurice-prendergast_ponte-della-paglia.jpg,2
maurice-prendergast_seated-girl.jpg,4
maurice-prendergast_the-orange-market.jpg,2
maurice-quentin-de-la-tour_study-for-portrait-of-mademoiselle-dangeville-1.jpg,1
max-beckmann_family-picture-1920.jpg,3
max-beckmann_quappi-in-pink.jpg,4
max-beckmann_self-portrait-1901.jpg,1
max-ernst_homage-to-marcel-duchamp-1970.jpg,0
max-ernst_towers-1916.jpg,3
max-ernst_untitled-1909.jpg,5
max-pechstein_dawn-1911_1.jpg,3
max-pechstein_horse-fair-1910.jpg,5
max-pechstein_indian-and-woman-1910.jpg,3
max-weber_the-visit.jpg,4
maxim-vorobiev_sunrise-in-the-suburbs-of-st-petersburg-1832.jpg,6
maxime-maufra_amont-prairie-1888.jpg,2
maxime-maufra_autumn-landscape-at-goulazon-1900.jpg,6
maxime-maufra_evening-at-the-sea-1909.jpg,6
maxime-maufra_flood-1889.jpg,6
michelangelo_david-1504.jpg,1
michelangelo_ignudo-13.jpg,1
michelangelo_ignudo-7.jpg,1
mikalojus-ciurlionis_allegro-sonata-of-the-stars-1908(1).jpg,5
mikalojus-ciurlionis_forest-1906.jpg,5
mikalojus-ciurlionis_hymn-ii.jpg,5
mikalojus-ciurlionis_raigardas-i-1907.jpg,2
mikalojus-ciurlionis_the-demon-1909.jpg,2
mikhail-lebedev_landscape-1833.jpg,6
mikhail-nesterov_portrait-of-alexey-severtsov-1934.jpg,5
mikhail-nesterov_st-luke-the-apostle-1909.jpg,4
mikhail-nesterov_tsarevich-dimitry-1899.jpg,4
mikhail-vrubel_mikula-selianinovich-and-volha-1899.jpg,3
mikhail-vrubel_piet-1887.jpg,5
mikhail-vrubel_portrait-of-doctor-fiodor-usoltsev-1904.jpg,1
mikhail-vrubel_sitter-in-the-renaissance-setting-1883_1.jpg,4
mikhail-vrubel_the-left-artist-s-hand.jpg,0
milton-avery_bridge-to-the-sea-1937.jpg,2
milton-avery_sally-1946.jpg,3
mily-possoz_a-menina-da-boina-verde-1930.jpg,4
moise-kisling_not-identified-4.jpg,1
moise-kisling_renee-kisling-1928.jpg,1
morris-graves_sunflower-1933.jpg,4
morris-louis_charred-journal-firewritten-v-1951.jpg,5
morris-louis_drawing-d88-1948.jpg,0
morris-louis_number-1-1957.jpg,5
morris-louis_untitled-d11-1949.jpg,0
mostafa-dashti_untitled-1994.jpg,6
mstislav-dobuzhinsky_farm-in-new-england-1940.jpg,2
mstislav-dobuzhinsky_kaunas-1933.jpg,2
mykola-pymonenko_before-the-campaign.jpg,2
mykola-pymonenko_ukrainian-night-1905.jpg,2
mykola-yaroshenko_the-prisoner-1878.jpg,1
natalia-goncharova_liturgy-the-seraph-s-costume_1.jpg,3
natalia-goncharova_peasant-women_1.jpg,3
neil-welliver_figure-with-shirt.jpg,3
nicholas-roerich_anxiety-1938.jpg,5
nicholas-roerich_bell-mountain-1932.jpg,5
nicholas-roerich_blessed-soul-bhagavan-sri-ramakrishna-1924.jpg,4
nicholas-roerich_brahmaputra-1946.jpg,6
nicholas-roerich_fiery-furnace-1905.jpg,2
nicholas-roerich_guardian-of-the-entrance-1927.jpg,3
nicholas-roerich_himalayas-1941-2.jpg,5
nicholas-roerich_himalayas-1942-1.jpg,5
nicholas-roerich_kostroma-romanov-boyars-tower-1903.jpg,2
nicholas-roerich_kovno-old-church-1903.jpg,2
nicholas-roerich_kuluta-mountains-before-the-sunset-1936.jpg,6
nicholas-roerich_ladoga-1918.jpg,6
nicholas-roerich_messenger-island-1914.jpg,2
nicholas-roerich_mill-in-the-mountains-1912.jpg,5
nicholas-roerich_mist_1.jpg,6
nicholas-roerich_monastery-in-the-mountains-1931.jpg,2
nicholas-roerich_oh-future-1933.jpg,5
nicholas-roerich_on-the-lake-shop-pangalo.jpg,0
nicholas-roerich_order-of-rigden-jyepo-1947.jpg,3
nicholas-roerich_prince-igor-campaign-1942.jpg,3
nicholas-roerich_rostov-veliky-church-on-ishna-1903.jpg,3
nicholas-roerich_salome-with-head-of-st-john-the-baptist_1.jpg,5
nicholas-roerich_sketch-to-holy-fire-1900.jpg,0
nicholas-roerich_study-of-scene-decoration-for-the-rite-of-spring-1930.jpg,2
nicholas-roerich_stuffed-grouse.jpg,5
nicholas-roerich_tablets-of-law-1931.jpg,5
nicholas-roerich_tent-of-ivan-the-terrible-1909-1.jpg,5
nicholas-roerich_victory-gorynych-the-serpent-1942.jpg,3
nicholas-roerich_went-out-1922.jpg,2
nicholas-roerich_white-horsemen-1918.jpg,6
nicolae-grigorescu_on-a-peak.jpg,6
niko-pirosmani_easter.jpg,4
niko-pirosmani_ram-1.jpg,1
niko-pirosmani_son-of-a-wealthy-kintos.jpg,4
nikolai-ge_sorrento.jpg,2
nikolaos-lytras_the-donkey.jpg,5
nikolay-bogdanov-belsky_horses-bathing.jpg,2
nikolay-bogdanov-belsky_lettish-accordionist.jpg,1
nikolay-bogdanov-belsky_self-portrait-1.jpg,1
nikolay-bogdanov-belsky_young-musicians-young-musician.jpg,5
nutzi-acontz_terrace-in-balcic-1930.jpg,3
nutzi-acontz_the-sleep.jpg,0
nzante-spee_the-drummer-and-the-dancers-1995.jpg,0
odilon-redon_apparition.jpg,5
odilon-redon_bouquet-of-flowers-in-a-white-vase_1.jpg,5
odilon-redon_flowers-in-a-blue-jug.jpg,3
odilon-redon_flowers-in-aa-brown-vase.jpg,3
odilon-redon_head-of-a-sleeping-woman.jpg,4
odilon-redon_maurice-denis-1903.jpg,0
odilon-redon_oannes-1904.jpg,5
odilon-redon_peyrelebade-landscape.jpg,6
odilon-redon_stained-glass-window-the-mysterious-garden.jpg,4
odilon-redon_the-red-poppy.jpg,3
odilon-redon_white-vase-with-flowers-1916.jpg,3
odilon-redon_yachts-at-royan-1902.jpg,2
olexandr-archipenko_collage-no-2.jpg,0
olexandr-archipenko_head-of-a-woman-1921.jpg,1
olga-rozanova_still-life-with-peatcher-and-apples.jpg,3
olivier-debre_ocre-rose-la-trace-bleu-p-le.jpg,6
orest-kiprensky_equestrian-portrait-of-alexander-i-1820.jpg,4
orest-kiprensky_portrait-of-p-basin-1829.jpg,1
orest-kiprensky_self-portrait-1820.jpg,1
oskar-kokoschka_children-playing-1909.jpg,5
oskar-kokoschka_not_detected_235844.jpg,5
oskar-kokoschka_not_detected_235853.jpg,1
oskar-kokoschka_not_detected_235876.jpg,6
pablo-picasso_bust-of-woman-1906_1.jpg,3
pablo-picasso_harlequin-with-his-hands-crossed-jacinto-salvado-1923.jpg,3
pablo-picasso_head-of-woman-1901.jpg,3
pablo-picasso_painter-and-his-model-1963-1.jpg,3
pablo-picasso_seated-woman-with-her-legs-crossed-1906.jpg,1
pablo-picasso_self-portrait-1917.jpg,0
pablo-picasso_still-life-with-bottle-of-rum-1911.jpg,5
pablo-picasso_two-acrobats-harlequin-and-his-companion-1901.jpg,3
pablo-picasso_untitled-1937-4.jpg,3
panayiotis-tetsis_athens-iv-1968.jpg,2
panayiotis-tetsis_still-life-named-the-afternoon-sun.jpg,5
parmigianino_actaeon.jpg,4
patrick-caulfield_still-life-autumn-fashion-1978.jpg,3
paul-cezanne_bather-entering-the-water-1885.jpg,5
paul-cezanne_bibemus-quarry-1898.jpg,5
paul-cezanne_couple-in-a-garden.jpg,4
paul-cezanne_house-and-trees-1894.jpg,5
paul-cezanne_landscape-1870.jpg,5
paul-cezanne_madame-cezanne-with-a-yellow-armchair.jpg,4
paul-cezanne_pots-of-geraniums.jpg,5
paul-cezanne_self-portrait-2.jpg,1
paul-cezanne_the-battle-of-love-1880.jpg,5
paul-cezanne_the-bay-of-l-estaque-and-saint-henri-1879.jpg,2
paul-cezanne_the-gravediggers-1870.jpg,3
paul-delaroche_the-children-of-edward-1831.jpg,4
paul-delvaux_harmony-1927.jpg,2
paul-feeley_cassius-1959.jpg,0
paul-feeley_ios-1957.jpg,0
paul-feeley_untitled-1964.jpg,0
paul-gauguin_aline-gauguin-and-one-of-her-brothers.jpg,1
paul-gauguin_crouching-tahitian-woman-1902.jpg,5
paul-gauguin_vairumati-1892.jpg,4
paul-jenkins_not_detected_235722.jpg,3
paul-jenkins_phenomena-lands-end.jpg,0
paul-jenkins_phenomena-tibetan-clay-offering-1990.jpg,2
paul-klee_fairy-tale-of-the-dwarf-1925(1).jpg,3
paul-klee_historic-ground-1939(1).jpg,0
paul-klee_summer-houses-1919(1).jpg,3
paul-klee_swamp-legend-1919(1).jpg,3
paul-reed_20-1962.jpg,0
paul-signac_port-louis-lomalo.jpg,6
paula-modersohn-becker_male-nude-standing-1899.jpg,1
paula-modersohn-becker_sand-pit-1901.jpg,5
pavel-svinyin_travel-by-stagecoach-near-trenton.jpg,2
pavel-svinyin_works-on-the-shore.jpg,2
pericles-pantazis_portrait-of-a-boy(1).jpg,1
periklis-vyzantios_summer-in-hydra.jpg,2
perle-fine_cool-series-dark-pink-over-brown-1963.jpg,0
perle-fine_cool-series-no-12-fiercely-remote-1963.jpg,0
peter-max_liberty-head-1986.jpg,3
peter-paul-rubens_apotheosis-of-king-james-i.jpg,5
peter-paul-rubens_cupid-and-psyche.jpg,5
peter-paul-rubens_cupid-riding-a-dolphin.jpg,4
peter-paul-rubens_landscape-with-cows-and-wildfowlers.jpg,6
peter-paul-rubens_louis-xiii-1625.jpg,4
peter-paul-rubens_nicolas-rubens.jpg,0
peter-paul-rubens_our-lady-with-the-saints.jpg,4
peter-paul-rubens_portrait-of-gaspard-schoppins.jpg,1
peter-paul-rubens_portrait-of-jan-gaspar-gevartius.jpg,4
peter-paul-rubens_st-onufrij-instruct-monk.jpg,4
peter-paul-rubens_the-elevation-of-the-cross(1).jpg,4
peter-paul-rubens_the-meeting-of-the-king-and-marie-de-medici-at-lyons-9th-november-1600-1625.jpg,4
peter-paul-rubens_the-prophet-elijah-receiving-bread-and-water-from-an-angel-1628.jpg,4
peter-phillips_untitled-1964.jpg,3
petrus-christus_the-death-of-the-virgin.jpg,4
philip-de-laszlo_in-the-hofbr-uhaus-in-munich-1892.jpg,4
philip-wilson-steer_a-view-of-barnard-castle-yorkshire-from-the-river.jpg,6
philip-wilson-steer_portrait-of-miss-rose-pettigrew.jpg,5
piero-della-francesca_prophet(1).jpg,4
pierre-auguste-renoir_after-bathing.jpg,1
pierre-auguste-renoir_aline-charigot-with-a-dog-1880.jpg,1
pierre-auguste-renoir_anemones-1909.jpg,3
pierre-auguste-renoir_apples-and-manderines.jpg,5
pierre-auguste-renoir_bather-seated-nude.jpg,1
pierre-auguste-renoir_bathers-in-the-forest.jpg,5
pierre-auguste-renoir_bathers.jpg,4
pierre-auguste-renoir_bathing-1915.jpg,1
pierre-auguste-renoir_cagnes-landscape-1.jpg,5
pierre-auguste-renoir_catulle-mendez.jpg,1
pierre-auguste-renoir_flowers-in-a-vase-2.jpg,5
pierre-auguste-renoir_gabrielle-with-a-large-hat.jpg,1
pierre-auguste-renoir_head-of-a-woman-1.jpg,1
pierre-auguste-renoir_head-of-a-young-woman-1880.jpg,1
pierre-auguste-renoir_landscape-in-normandy-1895.jpg,2
pierre-auguste-renoir_leontine-reading-1909-1.jpg,1
pierre-auguste-renoir_midday-landscape.jpg,6
pierre-auguste-renoir_modele-from-the-moulin-de-la-galette-1876.jpg,1
pierre-auguste-renoir_on-a-cliff-1880.jpg,6
pierre-auguste-renoir_portrait-of-a-young-woman-in-white-1901.jpg,1
pierre-auguste-renoir_portrait-of-mme-theodore-charpentier.jpg,1
pierre-auguste-renoir_rainbow-trout.jpg,5
pierre-auguste-renoir_seascape-near-berneval-1879.jpg,6
pierre-auguste-renoir_spring-the-four-seasons-1879.jpg,5
pierre-auguste-renoir_the-large-bathers-1887.jpg,4
pierre-auguste-renoir_the-view-from-collettes-1911.jpg,6
pierre-auguste-renoir_vase-basket-of-flowers-and-fruit-1890.jpg,5
pierre-auguste-renoir_woman-combing-her-hair-1908.jpg,1
pierre-auguste-renoir_woman-in-white-1916.jpg,1
pierre-auguste-renoir_young-women-talking-confidences-1878.jpg,1
pierre-bonnard_self-portrait-1889.jpg,1
pierre-bonnard_the-rowing-at-chatou.jpg,5
pierre-bonnard_the-solfege-1917.jpg,5
pierre-puvis-de-chavannes_death-and-the-maidens.jpg,4
pierre-puvis-de-chavannes_not-detected-258401.jpg,4
piet-mondrian_avond-evening-the-red-tree-1910.jpg,5
pieter-bruegel-the-elder_lust-1558.jpg,4
pieter-bruegel-the-elder_pieter-bruegel-the-elder.jpg,1
pieter-de-hooch_woman-with-infant-serving-maid-with-child.jpg,4
pieter-wenning_at-claremont-cape-province.jpg,2
pietro-da-cortona_piet-1625.jpg,4
pietro-longhi_a-patrician-family.jpg,4
pietro-perugino_moses-s-journey-into-egypt.jpg,2
pietro-perugino_pala-di-sant-agostino-pieta-1523.jpg,4
pietro-perugino_sepulcrum-christi.jpg,1
pietro-perugino_the-ascension-of-christ-1510.jpg,4
pietro-perugino_the-presepio.jpg,4
pino-pinelli_pittura-r-1998.jpg,0
princess-fahrelnissa-zeid_turuncu-elbiseli-k-z.jpg,1
pyotr-konchalovsky_autumn-landscape-1923.jpg,5
pyotr-konchalovsky_design-for-bizet-s-opera-carmen-1944.jpg,2
pyotr-konchalovsky_landscape-1.jpg,6
pyotr-konchalovsky_lilacs-in-a-purse-on-the-floor-1955.jpg,5
pyotr-konchalovsky_port-of-siena-1912.jpg,2
pyotr-konchalovsky_portrait-of-film-director-alexander-petrovich-dovzhenko-1950.jpg,1
pyotr-konchalovsky_pushkin-at-the-mikhailovsky.jpg,4
pyotr-konchalovsky_sketch-of-still-life-with-bread-1911.jpg,3
pyotr-konchalovsky_sleeping-model-model-on-th-carpet-1918.jpg,0
pyotr-konchalovsky_still-life-fish-1917.jpg,4
pyotr-konchalovsky_still-life-peonies-in-a-porcelain-vase-1949.jpg,5
pyotr-konchalovsky_still-life-with-a-red-tray-1916_1.jpg,3
pyotr-konchalovsky_still-life-with-a-samovar-1916.jpg,3
pyotr-konchalovsky_temple-of-myrrh-bearers-1928.jpg,2
pyotr-konchalovsky_the-model-by-the-stove-1917.jpg,4
pyotr-konchalovsky_versailles-ivy-1908.jpg,6
rafael-zabaleta_harlequin-and-clown-with-mask-1942.jpg,4
ralph-hotere_towards-aramoana-drawing-for-a-black-window-1981.jpg,2
ralph-rosenborg_landscape-study-sky-and-clouds-1940.jpg,0
raoul-dufy_the-racecourse-of-deauville-1950.jpg,2
raphael-kirchner_girls-with-ancient-musical-instruments.jpg,0
raphael-kirchner_girls-with-olive-green-surrounds-1901-5.jpg,3
raphael-kirchner_girls-with-purple-surrounds-1900-3.jpg,3
raphael-kirchner_happy-new-year-1899-1.jpg,0
raphael-kirchner_marionettes-5.jpg,3
raphael-kirchner_salome-1903-1.jpg,1
raphael-kirchner_smoking-women-1904.jpg,3
raphael-kirchner_the-embrace.jpg,1
raphael-kirchner_the-gem-of-the-ocean-puck-magazine-1916.jpg,3
raphael-kirchner_unknown-15.jpg,0
raphael-kirchner_viennese.jpg,0
raphael_apollo-and-marsyas-from-the-stanza-della-segnatura-1511.jpg,4
raphael_bridgewater-madonna-1511.jpg,1
raphael_ceiling-1514.jpg,3
raphael_christ-blessing-1502.jpg,1
raphael_the-blinding-of-elymas-cartoon-for-the-sistine-chapel.jpg,4
raphael_the-judicial-virtues-pope-gregory-ix-approving-the-vatical-decretals-justinian-handing-the.jpg,4
raphael_the-three-graces-1505.jpg,1
ray-parker_kate-for-your-birthday-1964.jpg,0
red-grooms_los-aficianados-1990.jpg,3
rembrandt_moses-smashing-the-tablets-of-the-law-1659.jpg,1
rembrandt_old-woman-reading.jpg,1
rembrandt_polander-leaning-on-a-stick-1632.jpg,0
rembrandt_portrait-of-a-man-workshop-of-rembrandt.jpg,1
rembrandt_portrait-of-an-old-woman-1.jpg,1
rembrandt_portrait-of-nicolaes-ruts-1631.jpg,1
rembrandt_self-portrait-10.jpg,5
rembrandt_sleeping-puppy-1640.jpg,5
rembrandt_the-goldweigher-s-field-1651.jpg,6
rembrandt_the-golf-player-1654.jpg,5
rembrandt_the-three-marys-at-the-tomb.jpg,2
rembrandt_view-of-amsterdam-1640.jpg,6
richard-diebenkorn_girl-smoking.jpg,4
richard-diebenkorn_painting-no-ii.jpg,5
richard-diebenkorn_yellow-porch.jpg,2
richard-hamilton_swingeing-london-67-1968.jpg,0
richard-parkes-bonington_the-adriatic-coast.jpg,6
richard-pousette-dart_by-the-sea.jpg,0
richard-tuttle_consecutive-space-for-a-vertical-wall-1990.jpg,0
richard-tuttle_lable-5-8-2003.jpg,3
richard-whitney_burst-of-autumn.jpg,6
rik-wouters_dining-table-1908.jpg,2
robert-goodnough_impact-1971.jpg,5
robert-goodnough_running-horses.jpg,5
robert-indiana_sex-anyone-1964.jpg,0
robert-julian-onderdonk_a-thousand-islands-st-lawrence-river-1909.jpg,6
robert-julian-onderdonk_fields-of-bluebonnets-1920.jpg,6
robert-julian-onderdonk_landscape-3.jpg,6
robert-mangold_green-column-figure-2003.jpg,0
robert-morris_untitled-corner-piece-1964.jpg,0
robert-nickle_untitled-black-on-orange-1969.jpg,0
robert-ryman_untitled-from-seven-aquatints(1).jpg,0
robert-smithson_mirrors-and-shelly-sand-1970.jpg,5
rodolfo-arico_vuoto-blu.jpg,0
roger-bissiΓö£╨│Γö¼╨╕re_tapestry-portrait-of-madame-bissi-re.jpg,1
roger-fry_a-room-in-the-second-post-impressionist-1912.jpg,2
rogier-van-der-weyden_portrait-of-a-woman-1464.jpg,1
rogier-van-der-weyden_saint-gregory-the-great-and-st-jerome.jpg,0
rogier-van-der-weyden_virgin-and-child.jpg,0
romare-bearden_untitled-1959-3.jpg,3
roni-horn_thicket-no-2-1990.jpg,0
ronnie-landfield_abstract-painting-with-boxes-2-1963.jpg,3
rosso-fiorentino_the-holy-family-1520.jpg,4
rudolf-schweitzer-cumpana_late-winter-in-g.jpg,2
rudolf-schweitzer-cumpana_odihna-cailor-1930.jpg,2
rudolf-von-alt_rush-hour-traffic-on-the-national-road-1850.jpg,2
salvador-dali_angelus-excussit-flammamignis-daniel-3-23-1967_1.jpg,6
salvador-dali_asperges-me-hyssopo-et-mundabor-1967_1.jpg,0
salvador-dali_homage-to-meirronier.jpg,5
salvador-dali_iesu-nativitas-matthew-1-20-1964.jpg,5
salvador-dali_landscape-near-cadaques_1.jpg,3
salvador-dali_scene-in-the-courtyard-of-the-escorial-with-a-figure-in-the-foreground-inspired-by-michelangelo.jpg,3
salvador-dali_st-helena-of-port-lligat.jpg,2
salvador-dali_still-life-fish-with-red-bowl-1924.jpg,3
salvador-dali_untitled-head-of-a-woman-unfinished.jpg,1
sam-francis_composition-in-blue-and-white-1960.jpg,5
sam-francis_flash-point(1).jpg,3
sam-francis_untitled-sfe-090-1993.jpg,3
sam-francis_untitled-sfp89-105-1989.jpg,3
sandro-botticelli_madonna-with-child-and-three-angels(1).jpg,4
sandro-botticelli_saint-jean-baptiste-1490(1).jpg,4
sandro-botticelli_the-extraction-of-the-heart-of-st-ignatius-from-the-altarpiece-of-st-barnabas-1488(1).jpg,4
saul-steinberg_the-politecnico-table-1974.jpg,0
sean-scully_diptych-1991.jpg,0
sergey-solomko_bookplate-of-v-i-klochkov-1.jpg,0
sergey-solomko_dream-of-icarus.jpg,1
sergey-solomko_russian-types.jpg,1
sir-lawrence-alma-tadema_love-s-jewelled-fetter-1895.jpg,4
sir-lawrence-alma-tadema_prose-1879.jpg,4
sir-lawrence-alma-tadema_strigils-and-sponges-1879.jpg,4
sir-lawrence-alma-tadema_the-epps-family-screen-1871.jpg,4
sir-lawrence-alma-tadema_the-roses-of-heliogabalus-1888.jpg,2
sir-lawrence-alma-tadema_tibulius-at-delia-s-1866.jpg,4
sofonisba-anguissola_family-portrait-minerva-amilcare-and-asdrubale-anguissola-1557.jpg,4
sol-lewitt_serial-project-set-b-1966.jpg,0
spyros-papaloukas_portrait-of-a-boy-1922.jpg,1
spyros-papaloukas_self-portrait.jpg,1
stefan-dimitrescu_houses-in-constan-a-1926.jpg,2
stefan-luchian_insurgent-peasants-1907.jpg,5
stefan-luchian_old-man-nicolae-the-fiddler-1906.jpg,4
stefan-luchian_poppies-1910(1).jpg,3
suzanne-valadon_bouquet-of-flowers.jpg,3
sven-lukin_detour-2012.jpg,3
t.-c.-steele_selma-in-the-garden.jpg,6
t.-c.-steele_village-scene-1.jpg,6
tano-festa_armadio-cieco-1963.jpg,0
taras-shevchenko_archangel-cathedral-in-nizhny-novgorod-1857.jpg,2
taras-shevchenko_at-the-pub-1856.jpg,4
tarsila-do-amaral_a-gare_1.jpg,3
tarsila-do-amaral_floresta.jpg,3
thalia-flora-karavia_sheep-on-a-slope.jpg,5
theo-van-doesburg_female-nude-on-a-chair-1931.jpg,0
theo-van-doesburg_portrait-of-christian-leibbrandt-1906.jpg,1
theo-van-rysselberghe_portrait-of-elizabeth-van-rysselberghe-seated-with-her-hands-on-the-table-1915.jpg,1
theo-van-rysselberghe_portrait-of-jeanne-pissarro-1895.jpg,3
theo-van-rysselberghe_view-of-meknes-morocco.jpg,2
theodor-aman_gipsy-girl-1884.jpg,1
theodor-pallady_nude-in-green-chair.jpg,0
theodor-severin-kittelsen_min-soenn-tred-alltid-i-din-fars-fotspor-1894.jpg,5
theodore-chasseriau_othello-and-desdemona-in-venice-1850.jpg,4
theodore-chasseriau_self-portrait-in-a-redingote-1835.jpg,1
theodore-gericault_anatomical-pieces.jpg,1
theodore-gericault_coal-cars-1822.jpg,2
theodore-gericault_the-insane-1823.jpg,1
theodore-gericault_two-post-horses-at-the-stable.jpg,2
theodore-rousseau_a-hilly-landscape-in-auvergne-1831.jpg,6
theodoros-stamos_byzantium-iii-1958.jpg,0
theophrastos-triantafyllidis_nannies-at-the-royal-garden-1940.jpg,4
thomas-cole_a-view-of-the-two-lakes-and-mountain-house-catskill-mountains-morning-1844.jpg,6
thomas-cole_autumn-landscape-mount-chocorua-1828.jpg,6
thomas-cole_the-return-1838.jpg,2
thomas-cole_the-voyage-of-life-old-age-1.jpg,6
thomas-eakins_portrait-of-letitia-wilson-jordan-1888.jpg,1
thomas-eakins_salutat-1898.jpg,4
thomas-eakins_standing-female-nude-1908.jpg,1
thomas-eakins_study-for-the-meadows.jpg,6
thomas-eakins_study-of-dr-agnew-for-the-agnew-clinic.jpg,1
thomas-eakins_thomas-eakins-and-j-laurie-wallace-1883.jpg,2
thomas-eakins_whistling-for-plover-1874.jpg,6
thomas-gainsborough_john-henderson.jpg,1
thomas-gainsborough_portrait-of-prince-edward-later-duke-of-kent-1782.jpg,1
thomas-gainsborough_the-three-eldest-daughters-of-george-iii-princesses-charlotte-augusta-and-elizabeth-1784.jpg,1
thomas-gainsborough_william-wollaston-1759.jpg,4
thomas-kinkade_a-view-from-cannery-row-monterey-1996.jpg,2
tintoretto_allegory-of-truth.jpg,1
tintoretto_christ-washing-the-feet-of-the-disciples.jpg,4
tintoretto_mercury-and-the-graces-1577.jpg,1
tintoretto_the-annunciation-to-manoah-s-wife-1558.jpg,4
tintoretto_winter.jpg,1
titian_annunciation-1.jpg,4
titian_clarice-strozzi-1542.jpg,4
tivadar-kosztka-csontvary_fortress-with-arabs-riding-camels_1.jpg,6
tivadar-kosztka-csontvary_riders-on-the-seashore-1909.jpg,2
toyen_a-girl-at-the-construction.jpg,0
tsuguharu-foujita_mother-and-two-children-1917.jpg,3
tsukioka-yoshitoshi_taira-no-kiyomori-sees-the-skulls-of-his-victims.jpg,4
tsukioka-yoshitoshi_the-appearance-of-a-kept-woman-of-the-kaei-era.jpg,3
umberto-boccioni_a-futurist-evening-in-milan.jpg,3
umberto-boccioni_the-dream-paolo-and-francesca-1909.jpg,5
utagawa-kunisada_not_detected_240329.jpg,3
utagawa-kunisada_the-actor-kataoka-nizaemon-viii-as-kumokiri-nizaemon-1859.jpg,3
utagawa-kuniyoshi_apparition-of-the-monstrous-cat.jpg,3
utagawa-kuniyoshi_oniwakamaru-preparing-to-kill-a-giant-carp.jpg,3
utagawa-kuniyoshi_taira-koresshige-attacked-by-a-demon.jpg,3
utagawa-kuniyoshi_the-actor-15.jpg,3
utagawa-kuniyoshi_the-female-demond-1.jpg,3
utagawa-kuniyoshi_tsuchigumo.jpg,3
utagawa-kuniyoshi_women-16.jpg,3
valentin-serov_portrait-of-mara-oliv-1895.jpg,1
valentin-serov_portrait-of-mikhail-abramovich-morozov-detail-1902.jpg,1
valentin-serov_portrait-of-sophia-dragomirova-lukomskaya-1900.jpg,1
valentin-serov_portrait-of-the-artist-ilya-repin-1901.jpg,4
valentin-serov_self-portrait.jpg,1
valentin-serov_set-design-for-the-opera-judith-by-alexander-serov-1907.jpg,2
valentin-serov_village-1898.jpg,6
vasily-perov_last-journey-1865.jpg,2
vasily-perov_melting-snow-maiden.jpg,4
vasily-perov_organ-grinder-1863.jpg,4
vasily-perov_pilgrims-on-a-pilgrimage-1867.jpg,2
vasily-perov_portrait-of-yelena-perova-n-e-scheins-the-artist-s-first-wife-1869.jpg,1
vasily-polenov_portrait-of-d-khrushcheva-the-artist-s-sister-1874.jpg,1
vasily-polenov_portrait-of-n-yakunchikova-1882.jpg,1
vasily-polenov_quarry-1897.jpg,6
vasily-polenov_tancred-castle-in-tiberias.jpg,2
vasily-sadovnikov_anichkov-bridge-in-st-petersburg.jpg,2
vasily-surikov_florence-walk-1884.jpg,2
vasily-surikov_kyrgyz-1894.jpg,0
vasily-surikov_neapolitan-girl-with-flowers-in-her-hair.jpg,1
vasily-surikov_portrait-of-a-n-tretyakova.jpg,1
vasily-surikov_soldier-descending-from-the-snowy-mountain-1898.jpg,1
vasily-tropinin_kiseleva.jpg,1
vasily-tropinin_portrait-of-a-widow-in-a-blue-povoynik-1830.jpg,1
vasily-tropinin_ustim-karmaluk.jpg,1
vasily-vereshchagin_kyrgyz-1870.jpg,1
vasily-vereshchagin_present-trophies-1872.jpg,2
vasily-vereshchagin_trinity-sunday-village-kolomna.jpg,2
victor-borisov-musatov_daphnis-and-chloe-1901.jpg,4
viktor-vasnetsov_after-prince-igor-s-battle-with-the-polovtsy-1880.jpg,5
viktor-vasnetsov_princess-olga-1893.jpg,3
viktor-vasnetsov_veche-in-pskov.jpg,2
vincent-van-gogh_a-pair-of-lovers-arles-1888(1).jpg,5
vincent-van-gogh_beach-sea-and-fishing-boats-1888(1).jpg,0
vincent-van-gogh_blossoming-almond-branch-in-a-glass-1888(1).jpg,5
vincent-van-gogh_can-books-wineglass-bread-and-arum-sketch-of-two-women-and-a-girl-1890(1).jpg,0
vincent-van-gogh_clock-clog-with-cutlery-and-a-spoon-rack-1885(1).jpg,3
vincent-van-gogh_cluster-of-old-houses-with-the-new-church-in-the-hague-1882(1).jpg,2
vincent-van-gogh_coal-barges-1888(1).jpg,2
vincent-van-gogh_coleus-plant-in-a-flowerpot-1886(1).jpg,5
vincent-van-gogh_couple-walking(1).jpg,0
vincent-van-gogh_female-nude-standing-1886(1).jpg,0
vincent-van-gogh_head-of-a-peasant-with-cap(1).jpg,5
vincent-van-gogh_head-of-a-peasant-woman-with-greenish-lace-cap-1885(1).jpg,1
vincent-van-gogh_lamp-in-front-of-a-window.jpg,0
vincent-van-gogh_landscape-with-trees-and-figures-1889.jpg,5
vincent-van-gogh_lane-with-poplars-near-nuenen-1885.jpg,6
vincent-van-gogh_mantelpiece-with-chair-1890.jpg,2
vincent-van-gogh_orphan-man-with-cap-half-length-1883.jpg,1
vincent-van-gogh_peasant-man-and-woman-digging-1885.jpg,5
vincent-van-gogh_peasant-man-and-woman-planting-potatoes-1885-1.jpg,2
vincent-van-gogh_peasant-with-sickle-seen-from-the-back-1885-2.jpg,2
vincent-van-gogh_people-walking-in-front-of-snow-covered-cottage-1890.jpg,0
vincent-van-gogh_pianist-1887.jpg,5
vincent-van-gogh_portrait-of-patience-escalier-shepherd-in-provence-1888.jpg,1
vincent-van-gogh_reaper-with-sickle-after-millet-1881.jpg,5
vincent-van-gogh_scheveningen-woman-with-wheeelbarrow-1883.jpg,1
vincent-van-gogh_sheet-with-sketches-of-working-people-1890-1.jpg,0
vincent-van-gogh_still-life-vase-with-fourteen-sunflowers-1889.jpg,3
vincent-van-gogh_study-of-a-woman-standing-two-heads-another-figure-1890.jpg,0
vincent-van-gogh_the-bois-de-boulogne-with-people-walking-1886.jpg,2
vincent-van-gogh_the-parsonage-garden-in-the-snow-1885.jpg,6
vincent-van-gogh_the-roofs-of-paris-and-notre-dame-1886.jpg,6
vincent-van-gogh_three-persons-sitting-at-the-window-1885.jpg,0
vincent-van-gogh_torso-of-venus-1.jpg,1
vincent-van-gogh_windmills-at-montmartre-1886.jpg,2
vincent-van-gogh_woman-peeling-potatoes-near-a-window-1881.jpg,4
vincent-van-gogh_woman-with-shawl-over-her-hair-head-1883.jpg,1
vincent-van-gogh_zouave-half-figure-1888.jpg,1
viorel-marginean_peacock-2.jpg,3
viorel-marginean_petale-pe-trotuar-1968.jpg,5
vittore-carpaccio_holy-family-with-two-donors-1505.jpg,4
vittore-carpaccio_madonna-and-blessing-child-1510.jpg,4
vittore-carpaccio_the-calling-of-st-matthew-1507.jpg,4
vladimir-borovikovsky_portrait-of-a-i-bezborodko-with-daughters-1803.jpg,4
vladimir-borovikovsky_praskovia-bestuzhev-1806.jpg,1
vladimir-dimitrov_unknown-title-5.jpg,4
vladimir-makovsky_a-letter.jpg,4
vladimir-makovsky_brew-seller-1879.jpg,4
vladimir-tatlin_a-skull-on-the-open-book.jpg,4
walasse-ting_gauguin-ting-1976.jpg,5
walter-battiss_bathers-in-a-landscape_1.jpg,5
walter-battiss_green-beach.jpg,0
wilhelm-kotarbinski_cross-jews-across-black-sea.jpg,2
wilhelm-kotarbinski_study-models.jpg,6
willard-metcalf_coast-of-brittany.jpg,6
willard-metcalf_nut-gathering.jpg,6
willard-metcalf_york-maine.jpg,6
willem-de-kooning_mae-west.jpg,3
willem-de-kooning_merritt-parkway-1959.jpg,5
willem-de-kooning_untitled.jpg,3
william-adolphe-bouguereau_cupid-and-psyche-1889.jpg,1
william-hogarth_a-harlot-s-progress-plate-5.jpg,4
william-holman-hunt_the-festival-of-st-swithin-or-the-dovecote-1875.jpg,4
william-james-glackens_summer-hotel-1909.jpg,2
william-james-glackens_washington-square-1910.jpg,6
william-merritt-chase_gowanus-bay-aka-misty-day-gowanus-bay.jpg,6
william-merritt-chase_peace-fort-hamilton.jpg,6
william-merritt-chase_portrait-of-a-gentleman.jpg,1
william-merritt-chase_portrait-of-kate-freeman-clark.jpg,1
william-merritt-chase_self-portrait.jpg,1
william-merritt-chase_shinnecock-hills-long-island-1.jpg,6
william-scott_girl-at-a-blue-table-1938.jpg,1
william-shayer_view-on-the-isle-of-wight.jpg,6
william-turner_old-london-brige.jpg,2
william-turner_stamford.jpg,2
william-turner_the-burning-of-the-houses-of-parliament-1.jpg,2
william-turner_the-vale-of-ashburnham.jpg,6
winslow-homer_northeaster.jpg,2
winslow-homer_the-herring-net.jpg,2
winston-churchill_swimming-pool-at-chartwell(1).jpg,5
winston-churchill_view-of-chartwell.jpg,6
yiannis-tsaroychis_coffee-house-at-porto-rafti-1962.jpg,2
yves-gaucher_ocres-jaune-et-vert.jpg,0
zinaida-serebriakova_girls-sylphides-ballet-chopiniana-1924.jpg,4
zinaida-serebriakova_portrait-of-architect-a-j-beloborodov-1925.jpg,1
zinaida-serebriakova_portrait-of-felicien-qaqaan-1928.jpg,1
zinaida-serebriakova_put-on-one-s-shoes-farmer-1915.jpg,1
zinaida-serebriakova_snowflakes-1923.jpg,4
zinaida-serebriakova_terrace-in-collioure-1930.jpg,2
